time,open,high,low,close,tick_volume,spread,real_volume
2021-03-01 01:00:00,1733.7,1739.84,1732.79,1736.99,1800,0,0
2021-03-01 01:15:00,1736.99,1737.85,1736.14,1736.73,942,0,0
2021-03-01 01:30:00,1736.72,1738.1,1735.36,1737.8,1082,0,0
2021-03-01 01:45:00,1737.8,1739.3,1737.66,1739.16,1228,1,0
2021-03-01 02:00:00,1739.16,1740.57,1738.1,1740.53,1643,0,0
2021-03-01 02:15:00,1740.53,1741.17,1739.73,1741.13,1335,0,0
2021-03-01 02:30:00,1741.13,1741.65,1739.93,1740.01,1025,2,0
2021-03-01 02:45:00,1740.01,1740.33,1737.26,1738.13,1081,0,0
2021-03-01 03:00:00,1738.13,1742.13,1738.04,1741.99,2718,0,0
2021-03-01 03:15:00,1741.99,1744.17,1740.98,1743.44,2216,0,0
2021-03-01 03:30:00,1743.43,1744.49,1742.18,1742.76,1813,0,0
2021-03-01 03:45:00,1742.76,1745.09,1742.56,1745.0,1135,0,0
2021-03-01 04:00:00,1745.0,1746.75,1744.84,1745.12,1374,0,0
2021-03-01 04:15:00,1745.12,1747.03,1744.59,1746.91,1160,0,0
2021-03-01 04:30:00,1746.89,1748.78,1746.66,1747.99,1531,0,0
2021-03-01 04:45:00,1747.99,1748.71,1747.29,1747.62,1193,0,0
2021-03-01 05:00:00,1747.62,1750.88,1747.54,1750.12,1433,0,0
2021-03-01 05:15:00,1750.12,1750.85,1749.6,1750.06,1293,0,0
2021-03-01 05:30:00,1750.06,1751.22,1749.53,1751.12,567,0,0
2021-03-01 05:45:00,1751.14,1751.62,1750.39,1751.04,1173,0,0
2021-03-01 06:00:00,1751.04,1751.23,1750.05,1750.26,1000,0,0
2021-03-01 06:15:00,1750.26,1750.43,1747.73,1748.24,1193,0,0
2021-03-01 06:30:00,1748.24,1749.3,1748.15,1749.13,910,0,0
2021-03-01 06:45:00,1749.14,1750.13,1748.9,1749.91,1015,0,0
2021-03-01 07:00:00,1749.91,1751.58,1749.87,1751.3,1132,0,0
2021-03-01 07:15:00,1751.29,1751.49,1750.3,1750.36,753,0,0
2021-03-01 07:30:00,1750.36,1752.62,1748.85,1750.23,1929,0,0
2021-03-01 07:45:00,1750.23,1751.6,1749.93,1750.64,1349,1,0
2021-03-01 08:00:00,1750.71,1753.43,1749.8,1753.11,1492,0,0
2021-03-01 08:15:00,1753.12,1755.69,1752.5,1754.55,1691,0,0
2021-03-01 08:30:00,1754.55,1756.26,1754.46,1755.8,1484,0,0
2021-03-01 08:45:00,1755.8,1756.23,1753.66,1753.84,1469,0,0
2021-03-01 09:00:00,1753.84,1755.92,1753.18,1755.83,1925,0,0
2021-03-01 09:15:00,1755.87,1757.51,1755.33,1757.23,1846,0,0
2021-03-01 09:30:00,1757.23,1759.8,1756.93,1757.95,1932,0,0
2021-03-01 09:45:00,1757.92,1758.1,1753.31,1753.67,1676,0,0
2021-03-01 10:00:00,1753.63,1754.87,1750.49,1752.34,2554,0,0
2021-03-01 10:15:00,1752.33,1754.29,1751.46,1751.46,2184,0,0
2021-03-01 10:30:00,1751.46,1751.78,1749.31,1749.65,1898,0,0
2021-03-01 10:45:00,1749.7,1750.62,1748.49,1749.13,1969,0,0
2021-03-01 11:00:00,1749.18,1749.98,1748.11,1749.68,1595,0,0
2021-03-01 11:15:00,1749.6,1750.02,1747.47,1747.95,1865,0,0
2021-03-01 11:30:00,1747.97,1748.18,1744.99,1746.5,1860,0,0
2021-03-01 11:45:00,1746.53,1747.56,1746.1,1746.85,1249,0,0
2021-03-01 12:00:00,1746.89,1747.7,1745.56,1746.32,1358,0,0
2021-03-01 12:15:00,1746.32,1746.45,1743.7,1744.21,1316,0,0
2021-03-01 12:30:00,1744.21,1747.26,1744.21,1746.33,1639,0,0
2021-03-01 12:45:00,1746.33,1747.05,1745.52,1745.62,1222,0,0
2021-03-01 13:00:00,1745.62,1747.12,1745.33,1745.33,1053,0,0
2021-03-01 13:15:00,1745.33,1745.43,1743.45,1743.97,1425,1,0
2021-03-01 13:30:00,1744.03,1744.03,1741.87,1742.4,1802,0,0
2021-03-01 13:45:00,1742.37,1743.74,1741.86,1743.53,1404,0,0
2021-03-01 14:00:00,1743.47,1746.4,1743.28,1746.25,1737,0,0
2021-03-01 14:15:00,1746.25,1747.53,1743.27,1743.7,1584,0,0
2021-03-01 14:30:00,1743.72,1743.75,1735.9,1737.01,2308,0,0
2021-03-01 14:45:00,1736.95,1739.64,1736.07,1739.11,1967,0,0
2021-03-01 15:00:00,1739.05,1740.06,1736.58,1738.15,2459,0,0
2021-03-01 15:15:00,1738.17,1739.55,1732.4,1733.11,2750,0,0
2021-03-01 15:30:00,1733.09,1738.49,1730.85,1736.12,2822,0,0
2021-03-01 15:45:00,1736.15,1740.08,1735.14,1735.97,2318,0,0
2021-03-01 16:00:00,1736.03,1739.89,1734.14,1739.89,2864,0,0
2021-03-01 16:15:00,1739.93,1742.07,1738.04,1739.46,2733,0,0
2021-03-01 16:30:00,1739.46,1742.84,1737.72,1738.19,3287,0,0
2021-03-01 16:45:00,1738.33,1738.96,1732.88,1735.85,3191,0,0
2021-03-01 17:00:00,1734.84,1740.09,1732.89,1739.23,3551,0,0
2021-03-01 17:15:00,1739.31,1741.42,1736.63,1736.99,3114,0,0
2021-03-01 17:30:00,1736.96,1739.63,1736.35,1738.99,2351,0,0
2021-03-01 17:45:00,1738.97,1740.91,1738.34,1738.82,2418,0,0
2021-03-01 18:00:00,1738.84,1742.54,1738.51,1738.62,2232,0,0
2021-03-01 18:15:00,1738.68,1739.16,1735.8,1735.98,1999,0,0
2021-03-01 18:30:00,1735.91,1736.46,1733.53,1735.76,2054,0,0
2021-03-01 18:45:00,1735.77,1736.69,1731.04,1732.02,1962,0,0
2021-03-01 19:00:00,1732.09,1734.56,1729.9,1729.99,2120,0,0
2021-03-01 19:15:00,1730.03,1730.77,1727.83,1727.83,2311,0,0
2021-03-01 19:30:00,1727.86,1728.78,1726.27,1727.07,2394,0,0
2021-03-01 19:45:00,1727.1,1727.75,1726.45,1726.94,1807,0,0
2021-03-01 20:00:00,1726.96,1727.37,1720.61,1721.95,2634,0,0
2021-03-01 20:15:00,1721.98,1725.76,1721.03,1725.58,2660,0,0
2021-03-01 20:30:00,1725.53,1725.99,1724.27,1724.34,1439,0,0
2021-03-01 20:45:00,1724.34,1725.45,1722.94,1722.94,1568,0,0
2021-03-01 21:00:00,1722.98,1723.93,1721.71,1722.42,1810,0,0
2021-03-01 21:15:00,1722.42,1722.83,1720.56,1720.95,1391,0,0
2021-03-01 21:30:00,1720.96,1723.94,1720.48,1723.93,1338,0,0
2021-03-01 21:45:00,1723.94,1725.11,1723.5,1724.44,1310,0,0
2021-03-01 22:00:00,1724.44,1724.52,1719.69,1722.31,1553,1,0
2021-03-01 22:15:00,1722.31,1723.38,1721.31,1721.75,1232,0,0
2021-03-01 22:30:00,1721.75,1722.85,1721.24,1722.61,1430,0,0
2021-03-01 22:45:00,1722.61,1724.28,1722.13,1723.59,1592,0,0
2021-03-01 23:00:00,1723.56,1725.15,1723.18,1725.1,872,0,0
2021-03-01 23:15:00,1725.08,1725.92,1724.79,1725.89,656,4,0
2021-03-01 23:30:00,1725.86,1726.8,1725.14,1725.74,654,3,0
2021-03-01 23:45:00,1725.7,1725.7,1723.85,1724.71,612,0,0
2021-03-02 01:00:00,1724.38,1725.14,1721.95,1724.29,827,0,0
2021-03-02 01:15:00,1724.29,1724.46,1721.32,1723.77,890,0,0
2021-03-02 01:30:00,1723.76,1725.31,1722.84,1722.87,791,0,0
2021-03-02 01:45:00,1722.84,1724.97,1722.39,1724.97,757,10,0
2021-03-02 02:00:00,1724.97,1725.24,1723.87,1724.29,843,1,0
2021-03-02 02:15:00,1724.29,1726.5,1724.06,1726.23,656,5,0
2021-03-02 02:30:00,1726.23,1727.68,1725.1,1727.04,881,0,0
2021-03-02 02:45:00,1727.04,1728.42,1726.67,1727.23,878,0,0
2021-03-02 03:00:00,1727.19,1728.32,1723.38,1724.63,1906,0,0
2021-03-02 03:15:00,1724.63,1724.63,1713.71,1718.97,2784,0,0
2021-03-02 03:30:00,1719.02,1719.39,1713.15,1715.43,2595,0,0
2021-03-02 03:45:00,1715.43,1715.7,1710.5,1711.71,2662,0,0
2021-03-02 04:00:00,1711.68,1714.98,1710.46,1714.83,2139,0,0
2021-03-02 04:15:00,1714.87,1716.2,1714.26,1715.02,1251,0,0
2021-03-02 04:30:00,1714.97,1716.98,1712.7,1713.24,1914,0,0
2021-03-02 04:45:00,1713.23,1713.75,1710.64,1712.67,2156,0,0
2021-03-02 05:00:00,1712.68,1714.01,1710.87,1712.75,1843,1,0
2021-03-02 05:15:00,1712.75,1712.75,1707.23,1709.03,2169,0,0
2021-03-02 05:30:00,1709.03,1712.86,1708.54,1712.78,2033,2,0
2021-03-02 05:45:00,1712.78,1713.82,1712.6,1713.36,1268,0,0
2021-03-02 06:00:00,1713.33,1715.92,1713.08,1715.59,1262,0,0
2021-03-02 06:15:00,1715.61,1715.63,1714.54,1714.87,900,0,0
2021-03-02 06:30:00,1714.87,1715.24,1713.45,1714.27,877,0,0
2021-03-02 06:45:00,1714.26,1714.67,1713.39,1713.39,1024,2,0
2021-03-02 07:00:00,1713.41,1716.08,1713.32,1715.83,1217,0,0
2021-03-02 07:15:00,1715.83,1716.13,1713.1,1713.12,1159,1,0
2021-03-02 07:30:00,1713.14,1717.15,1710.76,1712.98,2447,0,0
2021-03-02 07:45:00,1712.98,1717.1,1712.39,1714.8,2131,0,0
2021-03-02 08:00:00,1714.83,1718.43,1713.55,1718.15,1915,0,0
2021-03-02 08:15:00,1718.13,1720.13,1717.39,1718.8,1953,0,0
2021-03-02 08:30:00,1718.81,1721.04,1717.49,1720.87,1693,1,0
2021-03-02 08:45:00,1720.87,1722.38,1720.29,1721.93,1680,0,0
2021-03-02 09:00:00,1721.71,1724.28,1720.92,1724.09,2234,0,0
2021-03-02 09:15:00,1724.1,1724.1,1720.74,1720.83,1683,0,0
2021-03-02 09:30:00,1720.83,1720.93,1717.03,1717.03,1822,0,0
2021-03-02 09:45:00,1717.09,1718.56,1716.74,1717.86,1866,0,0
2021-03-02 10:00:00,1717.86,1720.23,1717.28,1718.57,2028,0,0
2021-03-02 10:15:00,1718.57,1719.01,1715.54,1718.96,2148,0,0
2021-03-02 10:30:00,1718.93,1721.21,1718.13,1719.47,2004,0,0
2021-03-02 10:45:00,1719.47,1722.35,1719.47,1721.8,1548,0,0
2021-03-02 11:00:00,1721.8,1724.68,1721.38,1723.33,1720,0,0
2021-03-02 11:15:00,1723.33,1723.61,1720.8,1721.41,1945,0,0
2021-03-02 11:30:00,1721.4,1725.13,1720.93,1724.94,2030,0,0
2021-03-02 11:45:00,1724.94,1725.29,1721.85,1722.92,1549,0,0
2021-03-02 12:00:00,1722.92,1726.37,1722.92,1724.2,1612,0,0
2021-03-02 12:15:00,1724.2,1727.63,1723.68,1727.1,1735,0,0
2021-03-02 12:30:00,1727.1,1730.93,1726.97,1729.99,1438,0,0
2021-03-02 12:45:00,1730.01,1730.57,1727.57,1727.79,1589,0,0
2021-03-02 13:00:00,1727.81,1733.25,1726.77,1733.0,1793,0,0
2021-03-02 13:15:00,1732.98,1733.32,1729.77,1729.93,1669,0,0
2021-03-02 13:30:00,1729.93,1730.72,1729.15,1729.39,1280,0,0
2021-03-02 13:45:00,1729.42,1729.89,1727.23,1727.29,1430,0,0
2021-03-02 14:00:00,1727.32,1729.68,1726.89,1729.35,1566,0,0
2021-03-02 14:15:00,1729.35,1729.9,1727.74,1729.37,1378,0,0
2021-03-02 14:30:00,1729.39,1732.06,1729.3,1730.89,1391,0,0
2021-03-02 14:45:00,1730.89,1734.37,1730.35,1733.61,1716,0,0
2021-03-02 15:00:00,1733.61,1736.28,1732.16,1734.99,2380,0,0
2021-03-02 15:15:00,1734.99,1735.22,1727.92,1728.98,2104,0,0
2021-03-02 15:30:00,1728.98,1729.15,1725.91,1726.61,2460,0,0
2021-03-02 15:45:00,1726.49,1729.39,1724.08,1727.38,2706,0,0
2021-03-02 16:00:00,1727.34,1730.42,1726.83,1726.98,2567,0,0
2021-03-02 16:15:00,1726.98,1728.77,1725.11,1727.94,2493,0,0
2021-03-02 16:30:00,1727.99,1728.7,1721.85,1722.84,3510,0,0
2021-03-02 16:45:00,1722.84,1727.23,1721.35,1725.81,3209,0,0
2021-03-02 17:00:00,1725.79,1726.77,1723.13,1726.28,3029,0,0
2021-03-02 17:15:00,1726.26,1727.5,1724.98,1725.05,2714,0,0
2021-03-02 17:30:00,1725.05,1725.15,1720.49,1721.67,2627,0,0
2021-03-02 17:45:00,1721.68,1725.81,1720.34,1725.33,2613,0,0
2021-03-02 18:00:00,1725.32,1728.31,1724.05,1727.09,2532,0,0
2021-03-02 18:15:00,1727.03,1730.0,1726.85,1727.98,2362,0,0
2021-03-02 18:30:00,1728.01,1731.36,1727.9,1729.94,2159,0,0
2021-03-02 18:45:00,1729.96,1734.43,1729.21,1731.58,2258,0,0
2021-03-02 19:00:00,1731.57,1733.94,1731.19,1733.3,1806,0,0
2021-03-02 19:15:00,1733.3,1735.91,1733.2,1735.54,1653,0,0
2021-03-02 19:30:00,1735.62,1738.29,1735.23,1736.03,1689,0,0
2021-03-02 19:45:00,1736.05,1737.44,1734.28,1736.65,1629,0,0
2021-03-02 20:00:00,1736.7,1737.14,1733.83,1734.03,1634,0,0
2021-03-02 20:15:00,1734.03,1737.05,1733.63,1735.01,1741,0,0
2021-03-02 20:30:00,1734.98,1738.47,1734.8,1735.98,1493,0,0
2021-03-02 20:45:00,1735.97,1737.21,1735.62,1736.93,989,0,0
2021-03-02 21:00:00,1736.91,1738.15,1734.42,1735.0,1373,0,0
2021-03-02 21:15:00,1735.0,1736.56,1734.18,1734.18,1101,0,0
2021-03-02 21:30:00,1734.17,1735.4,1733.69,1734.54,1237,0,0
2021-03-02 21:45:00,1734.54,1736.22,1734.34,1734.79,1268,0,0
2021-03-02 22:00:00,1734.73,1737.97,1734.62,1735.65,1184,1,0
2021-03-02 22:15:00,1735.65,1736.12,1734.39,1735.67,1069,0,0
2021-03-02 22:30:00,1735.67,1736.37,1734.47,1734.94,1092,0,0
2021-03-02 22:45:00,1734.91,1735.03,1732.87,1733.02,1077,0,0
2021-03-02 23:00:00,1733.09,1734.52,1733.06,1734.25,736,5,0
2021-03-02 23:15:00,1734.32,1735.58,1733.99,1735.52,484,8,0
2021-03-02 23:30:00,1735.6,1738.58,1735.37,1737.96,685,0,0
2021-03-02 23:45:00,1737.96,1739.11,1737.45,1738.12,668,5,0
2021-03-03 01:00:00,1737.48,1739.08,1737.29,1738.9,777,0,0
2021-03-03 01:15:00,1738.86,1740.53,1738.46,1739.26,737,0,0
2021-03-03 01:30:00,1739.24,1739.32,1736.53,1736.64,706,0,0
2021-03-03 01:45:00,1736.63,1736.73,1734.74,1736.52,726,0,0
2021-03-03 02:00:00,1736.52,1736.78,1735.23,1736.72,855,5,0
2021-03-03 02:15:00,1736.87,1737.47,1734.69,1734.73,841,1,0
2021-03-03 02:30:00,1734.73,1735.69,1734.19,1734.87,809,0,0
2021-03-03 02:45:00,1734.87,1735.52,1734.33,1735.15,768,0,0
2021-03-03 03:00:00,1735.16,1736.98,1733.06,1735.48,1858,0,0
2021-03-03 03:15:00,1735.48,1736.4,1731.67,1731.98,1846,0,0
2021-03-03 03:30:00,1731.98,1734.2,1729.99,1733.81,1622,0,0
2021-03-03 03:45:00,1733.82,1734.5,1733.23,1734.21,1120,0,0
2021-03-03 04:00:00,1734.21,1734.3,1731.74,1732.4,1129,0,0
2021-03-03 04:15:00,1732.4,1733.7,1732.01,1732.24,576,3,0
2021-03-03 04:30:00,1732.24,1733.06,1731.44,1732.57,796,2,0
2021-03-03 04:45:00,1732.57,1733.45,1731.97,1732.85,884,4,0
2021-03-03 05:00:00,1732.72,1734.84,1732.72,1733.86,1327,0,0
2021-03-03 05:15:00,1733.86,1735.36,1733.46,1735.33,976,0,0
2021-03-03 05:30:00,1735.28,1735.31,1734.45,1734.48,703,0,0
2021-03-03 05:45:00,1734.48,1735.56,1734.26,1734.78,707,2,0
2021-03-03 06:00:00,1734.77,1735.3,1734.72,1735.3,550,9,0
2021-03-03 06:15:00,1735.3,1735.6,1734.64,1734.94,514,7,0
2021-03-03 06:30:00,1734.96,1735.16,1734.56,1734.8,552,0,0
2021-03-03 06:45:00,1734.8,1735.38,1734.52,1735.21,452,4,0
2021-03-03 07:00:00,1735.21,1735.67,1734.29,1735.07,643,3,0
2021-03-03 07:15:00,1735.07,1735.45,1733.73,1733.91,752,0,0
2021-03-03 07:30:00,1733.91,1733.96,1732.15,1732.28,1465,0,0
2021-03-03 07:45:00,1732.27,1733.69,1732.16,1733.16,831,1,0
2021-03-03 08:00:00,1733.16,1734.09,1731.77,1731.92,1309,0,0
2021-03-03 08:15:00,1731.95,1732.88,1730.49,1731.52,1359,0,0
2021-03-03 08:30:00,1731.55,1732.85,1730.48,1732.62,1444,0,0
2021-03-03 08:45:00,1732.62,1733.69,1732.03,1732.77,1218,0,0
2021-03-03 09:00:00,1732.78,1733.52,1731.96,1732.33,1182,3,0
2021-03-03 09:15:00,1732.32,1735.09,1732.2,1734.55,1493,1,0
2021-03-03 09:30:00,1734.55,1735.93,1733.26,1734.64,1219,0,0
2021-03-03 09:45:00,1734.64,1734.64,1732.72,1733.39,1306,3,0
2021-03-03 10:00:00,1733.39,1733.68,1728.42,1728.82,1933,0,0
2021-03-03 10:15:00,1728.82,1729.58,1726.82,1728.66,1776,0,0
2021-03-03 10:30:00,1728.66,1728.91,1727.4,1727.59,1400,0,0
2021-03-03 10:45:00,1727.57,1728.66,1726.55,1727.35,1587,0,0
2021-03-03 11:00:00,1727.36,1727.65,1725.63,1726.24,1266,3,0
2021-03-03 11:15:00,1726.2,1728.55,1726.15,1727.78,1327,0,0
2021-03-03 11:30:00,1727.79,1730.19,1726.66,1729.63,2158,0,0
2021-03-03 11:45:00,1729.63,1730.22,1727.9,1728.18,1523,0,0
2021-03-03 12:00:00,1728.15,1728.23,1726.63,1727.35,1427,0,0
2021-03-03 12:15:00,1727.35,1727.42,1724.31,1725.83,1379,0,0
2021-03-03 12:30:00,1725.83,1726.48,1723.96,1724.37,1543,0,0
2021-03-03 12:45:00,1724.39,1726.78,1724.17,1726.54,1237,3,0
2021-03-03 13:00:00,1726.53,1726.71,1724.42,1724.51,1388,1,0
2021-03-03 13:15:00,1724.51,1725.1,1722.32,1722.91,1409,0,0
2021-03-03 13:30:00,1722.88,1723.32,1721.43,1722.99,1536,0,0
2021-03-03 13:45:00,1722.99,1724.42,1722.55,1724.12,1413,0,0
2021-03-03 14:00:00,1724.22,1725.38,1723.59,1724.21,1438,0,0
2021-03-03 14:15:00,1724.21,1725.54,1723.86,1724.19,1632,0,0
2021-03-03 14:30:00,1724.19,1726.38,1723.97,1725.45,1672,0,0
2021-03-03 14:45:00,1725.45,1726.71,1724.76,1726.04,1822,0,0
2021-03-03 15:00:00,1726.03,1726.05,1713.54,1714.39,3455,0,0
2021-03-03 15:15:00,1714.36,1716.57,1708.4,1712.91,3508,0,0
2021-03-03 15:30:00,1712.91,1716.39,1710.75,1713.74,3098,0,0
2021-03-03 15:45:00,1713.74,1716.31,1711.95,1712.37,2821,0,0
2021-03-03 16:00:00,1712.36,1714.55,1709.41,1710.84,2947,0,0
2021-03-03 16:15:00,1710.78,1716.57,1708.54,1713.82,3284,0,0
2021-03-03 16:30:00,1713.82,1717.24,1710.48,1710.94,3495,0,0
2021-03-03 16:45:00,1710.92,1714.98,1709.86,1711.41,3492,0,0
2021-03-03 17:00:00,1711.41,1715.61,1708.12,1709.91,3596,0,0
2021-03-03 17:15:00,1709.89,1713.7,1708.82,1711.17,3400,0,0
2021-03-03 17:30:00,1711.13,1711.48,1701.92,1702.98,3288,0,0
2021-03-03 17:45:00,1702.93,1717.09,1702.43,1716.04,3599,0,0
2021-03-03 18:00:00,1716.0,1723.84,1715.61,1720.98,3380,0,0
2021-03-03 18:15:00,1721.06,1725.13,1719.88,1722.86,2964,0,0
2021-03-03 18:30:00,1722.88,1724.39,1720.19,1720.43,2410,0,0
2021-03-03 18:45:00,1720.43,1721.54,1718.3,1718.64,2434,0,0
2021-03-03 19:00:00,1718.63,1719.47,1717.04,1717.45,2184,0,0
2021-03-03 19:15:00,1717.43,1717.93,1716.03,1716.58,1907,0,0
2021-03-03 19:30:00,1716.58,1719.58,1716.21,1719.36,1544,1,0
2021-03-03 19:45:00,1719.36,1719.74,1716.84,1717.22,1702,0,0
2021-03-03 20:00:00,1717.2,1719.63,1716.9,1718.14,1942,2,0
2021-03-03 20:15:00,1718.16,1719.29,1716.96,1717.26,2079,0,0
2021-03-03 20:30:00,1717.25,1719.12,1715.83,1717.99,1794,0,0
2021-03-03 20:45:00,1717.99,1720.27,1717.67,1719.02,1544,6,0
2021-03-03 21:00:00,1719.02,1719.54,1716.78,1717.36,1456,0,0
2021-03-03 21:15:00,1717.35,1717.35,1712.58,1713.01,1769,0,0
2021-03-03 21:30:00,1712.97,1715.91,1712.03,1715.17,2105,0,0
2021-03-03 21:45:00,1715.17,1717.09,1713.03,1715.65,2019,0,0
2021-03-03 22:00:00,1715.64,1717.13,1715.24,1716.27,2301,0,0
2021-03-03 22:15:00,1716.27,1716.42,1714.12,1714.78,1949,3,0
2021-03-03 22:30:00,1714.78,1715.71,1714.42,1714.63,1338,3,0
2021-03-03 22:45:00,1714.61,1715.8,1713.97,1714.26,1537,3,0
2021-03-03 23:00:00,1714.23,1715.81,1714.23,1714.69,816,7,0
2021-03-03 23:15:00,1714.69,1715.16,1714.41,1714.43,341,9,0
2021-03-03 23:30:00,1714.45,1714.93,1713.08,1713.22,567,8,0
2021-03-03 23:45:00,1713.22,1713.58,1709.57,1710.88,620,0,0
2021-03-04 01:00:00,1710.34,1712.03,1710.27,1710.5,726,5,0
2021-03-04 01:15:00,1710.5,1710.65,1709.14,1710.62,798,4,0
2021-03-04 01:30:00,1710.69,1711.1,1708.15,1710.92,839,3,0
2021-03-04 01:45:00,1710.92,1711.56,1709.68,1710.45,763,1,0
2021-03-04 02:00:00,1710.45,1712.67,1708.81,1711.37,1099,0,0
2021-03-04 02:15:00,1711.42,1712.74,1710.95,1712.09,849,0,0
2021-03-04 02:30:00,1712.09,1715.66,1712.07,1715.3,966,0,0
2021-03-04 02:45:00,1715.3,1715.45,1713.97,1714.98,897,1,0
2021-03-04 03:00:00,1714.97,1716.22,1711.03,1713.42,1881,0,0
2021-03-04 03:15:00,1713.41,1714.99,1713.2,1714.16,1451,3,0
2021-03-04 03:30:00,1714.16,1716.76,1713.71,1715.89,1364,2,0
2021-03-04 03:45:00,1715.89,1716.37,1714.3,1715.18,1075,0,0
2021-03-04 04:00:00,1715.18,1716.17,1714.24,1714.48,1232,0,0
2021-03-04 04:15:00,1714.45,1714.83,1712.32,1713.51,810,0,0
2021-03-04 04:30:00,1713.51,1714.01,1710.54,1711.89,1782,0,0
2021-03-04 04:45:00,1711.89,1712.76,1711.26,1712.38,1220,0,0
2021-03-04 05:00:00,1712.38,1712.75,1711.02,1711.23,1305,0,0
2021-03-04 05:15:00,1711.23,1711.44,1709.6,1710.17,1358,0,0
2021-03-04 05:30:00,1710.17,1710.55,1709.61,1709.74,1110,4,0
2021-03-04 05:45:00,1709.75,1710.21,1709.43,1709.55,960,0,0
2021-03-04 06:00:00,1709.54,1711.15,1706.63,1710.07,1819,0,0
2021-03-04 06:15:00,1710.07,1713.92,1709.82,1712.82,1265,0,0
2021-03-04 06:30:00,1712.84,1715.15,1712.37,1714.94,1378,0,0
2021-03-04 06:45:00,1714.94,1715.42,1713.6,1715.06,1246,0,0
2021-03-04 07:00:00,1715.0,1715.92,1714.3,1714.65,1038,0,0
2021-03-04 07:15:00,1714.66,1715.62,1714.58,1714.78,1016,2,0
2021-03-04 07:30:00,1714.85,1720.13,1714.5,1717.34,2035,0,0
2021-03-04 07:45:00,1717.34,1719.68,1717.18,1718.18,1779,0,0
2021-03-04 08:00:00,1718.18,1718.18,1716.31,1717.06,1707,0,0
2021-03-04 08:15:00,1717.06,1717.95,1714.92,1715.1,1484,0,0
2021-03-04 08:30:00,1715.17,1717.66,1714.78,1716.35,1815,0,0
2021-03-04 08:45:00,1716.43,1717.34,1715.46,1716.57,1361,0,0
2021-03-04 09:00:00,1716.55,1721.29,1716.24,1720.85,1670,0,0
2021-03-04 09:15:00,1720.84,1720.88,1718.73,1719.39,1631,0,0
2021-03-04 09:30:00,1719.39,1720.25,1718.4,1719.54,1659,0,0
2021-03-04 09:45:00,1719.51,1720.29,1717.68,1717.91,1463,0,0
2021-03-04 10:00:00,1717.76,1718.96,1716.13,1716.39,1815,0,0
2021-03-04 10:15:00,1716.38,1718.7,1716.24,1716.6,1804,1,0
2021-03-04 10:30:00,1716.55,1718.03,1714.63,1715.42,1754,0,0
2021-03-04 10:45:00,1715.41,1715.92,1712.19,1712.89,1885,0,0
2021-03-04 11:00:00,1712.87,1714.23,1710.43,1711.16,2037,0,0
2021-03-04 11:15:00,1711.14,1711.64,1706.38,1708.67,2492,0,0
2021-03-04 11:30:00,1708.67,1712.09,1707.23,1710.43,2211,0,0
2021-03-04 11:45:00,1710.43,1718.62,1710.38,1715.27,2144,0,0
2021-03-04 12:00:00,1715.26,1716.61,1711.05,1711.83,2035,0,0
2021-03-04 12:15:00,1711.91,1712.65,1708.54,1710.27,1812,0,0
2021-03-04 12:30:00,1710.22,1714.07,1709.93,1713.04,1733,0,0
2021-03-04 12:45:00,1713.04,1715.59,1712.91,1715.24,1489,1,0
2021-03-04 13:00:00,1715.39,1716.39,1713.26,1713.64,1564,0,0
2021-03-04 13:15:00,1713.64,1715.44,1713.24,1713.86,1186,0,0
2021-03-04 13:30:00,1713.9,1715.65,1713.43,1715.35,1260,0,0
2021-03-04 13:45:00,1715.34,1716.98,1715.26,1715.71,1417,0,0
2021-03-04 14:00:00,1715.74,1717.75,1714.94,1717.62,1550,0,0
2021-03-04 14:15:00,1717.6,1720.14,1717.58,1719.96,1846,0,0
2021-03-04 14:30:00,1719.95,1720.1,1718.2,1718.76,1801,0,0
2021-03-04 14:45:00,1718.89,1720.28,1717.76,1718.72,1796,0,0
2021-03-04 15:00:00,1718.69,1723.21,1717.38,1719.0,2524,0,0
2021-03-04 15:15:00,1719.1,1720.57,1713.52,1714.65,2583,0,0
2021-03-04 15:30:00,1714.85,1718.67,1713.96,1715.77,3026,0,0
2021-03-04 15:45:00,1715.77,1716.15,1713.09,1715.91,2405,0,0
2021-03-04 16:00:00,1715.86,1717.55,1712.34,1714.95,2735,0,0
2021-03-04 16:15:00,1714.97,1716.5,1712.71,1714.1,2117,0,0
2021-03-04 16:30:00,1714.14,1717.51,1712.63,1713.42,3117,0,0
2021-03-04 16:45:00,1713.42,1717.18,1712.56,1714.65,3161,0,0
2021-03-04 17:00:00,1714.65,1716.31,1711.35,1711.94,3393,0,0
2021-03-04 17:15:00,1711.97,1718.65,1709.5,1717.92,3337,0,0
2021-03-04 17:30:00,1717.84,1719.99,1716.47,1719.12,3147,0,0
2021-03-04 17:45:00,1719.11,1721.24,1717.56,1718.72,3029,0,0
2021-03-04 18:00:00,1718.7,1722.29,1718.48,1718.8,2652,0,0
2021-03-04 18:15:00,1718.76,1719.75,1716.63,1718.55,2420,0,0
2021-03-04 18:30:00,1718.54,1718.62,1716.09,1716.57,2108,0,0
2021-03-04 18:45:00,1716.54,1717.25,1714.38,1714.62,2052,0,0
2021-03-04 19:00:00,1714.65,1717.92,1710.63,1714.02,2494,0,0
2021-03-04 19:15:00,1714.09,1717.16,1704.8,1708.39,3712,0,0
2021-03-04 19:30:00,1708.38,1709.33,1699.76,1705.17,3871,0,0
2021-03-04 19:45:00,1705.12,1705.12,1698.38,1700.37,3889,0,0
2021-03-04 20:00:00,1700.31,1704.2,1697.15,1701.43,3722,0,0
2021-03-04 20:15:00,1701.47,1703.69,1698.3,1702.96,3329,0,0
2021-03-04 20:30:00,1702.96,1703.66,1697.16,1698.61,2941,0,0
2021-03-04 20:45:00,1698.67,1699.44,1690.6,1691.11,3033,0,0
2021-03-04 21:00:00,1691.11,1698.27,1691.11,1697.75,3120,0,0
2021-03-04 21:15:00,1697.79,1698.71,1694.35,1697.21,2898,0,0
2021-03-04 21:30:00,1697.21,1697.84,1694.04,1697.03,2357,0,0
2021-03-04 21:45:00,1697.04,1700.76,1695.91,1699.09,2754,0,0
2021-03-04 22:00:00,1699.09,1699.29,1695.61,1696.8,2474,1,0
2021-03-04 22:15:00,1696.73,1698.47,1695.34,1697.64,2018,0,0
2021-03-04 22:30:00,1697.64,1698.85,1696.55,1698.24,1971,0,0
2021-03-04 22:45:00,1698.24,1699.21,1696.53,1697.38,2144,0,0
2021-03-04 23:00:00,1697.49,1699.07,1697.49,1698.57,903,1,0
2021-03-04 23:15:00,1698.57,1700.02,1698.15,1699.62,658,4,0
2021-03-04 23:30:00,1699.62,1700.54,1698.92,1699.18,621,0,0
2021-03-04 23:45:00,1699.18,1699.33,1697.19,1697.21,691,0,0
2021-03-05 01:00:00,1697.34,1698.71,1696.09,1698.63,767,4,0
2021-03-05 01:15:00,1698.63,1698.75,1696.15,1697.78,554,5,0
2021-03-05 01:30:00,1697.75,1698.03,1695.76,1695.76,825,0,0
2021-03-05 01:45:00,1695.76,1695.99,1693.25,1694.3,1024,0,0
2021-03-05 02:00:00,1694.3,1694.7,1689.11,1692.46,1654,0,0
2021-03-05 02:15:00,1692.46,1693.95,1691.63,1692.52,1394,0,0
2021-03-05 02:30:00,1692.54,1693.96,1689.99,1693.79,1262,0,0
2021-03-05 02:45:00,1693.79,1695.22,1692.95,1694.81,1134,0,0
2021-03-05 03:00:00,1694.74,1694.76,1687.3,1690.52,2929,0,0
2021-03-05 03:15:00,1690.56,1691.88,1688.65,1690.5,2265,0,0
2021-03-05 03:30:00,1690.47,1692.96,1689.86,1692.08,2365,1,0
2021-03-05 03:45:00,1692.09,1693.48,1691.51,1692.64,1678,0,0
2021-03-05 04:00:00,1692.64,1693.01,1689.59,1690.97,1780,0,0
2021-03-05 04:15:00,1690.96,1694.6,1690.3,1694.45,1298,0,0
2021-03-05 04:30:00,1694.47,1694.95,1692.86,1693.05,1401,1,0
2021-03-05 04:45:00,1693.0,1694.53,1692.98,1694.36,1666,0,0
2021-03-05 05:00:00,1694.39,1695.7,1693.43,1695.2,1186,0,0
2021-03-05 05:15:00,1695.2,1695.63,1693.59,1694.39,937,0,0
2021-03-05 05:30:00,1694.39,1695.22,1694.17,1694.55,980,5,0
2021-03-05 05:45:00,1694.53,1695.32,1694.08,1694.39,1118,0,0
2021-03-05 06:00:00,1694.39,1694.53,1692.77,1693.05,824,0,0
2021-03-05 06:15:00,1693.05,1693.56,1692.28,1692.45,1357,2,0
2021-03-05 06:30:00,1692.45,1692.86,1691.64,1691.89,982,0,0
2021-03-05 06:45:00,1691.88,1692.91,1691.77,1692.08,729,0,0
2021-03-05 07:00:00,1692.08,1693.75,1692.06,1692.51,811,3,0
2021-03-05 07:15:00,1692.51,1693.6,1692.4,1693.54,659,0,0
2021-03-05 07:30:00,1693.54,1695.79,1692.69,1695.63,1497,0,0
2021-03-05 07:45:00,1695.63,1697.3,1694.73,1696.87,1506,0,0
2021-03-05 08:00:00,1696.93,1698.92,1696.41,1698.28,1845,0,0
2021-03-05 08:15:00,1698.22,1699.43,1696.76,1697.75,1611,0,0
2021-03-05 08:30:00,1697.67,1697.68,1695.4,1696.22,1167,0,0
2021-03-05 08:45:00,1696.25,1697.24,1695.74,1696.8,1074,0,0
2021-03-05 09:00:00,1696.83,1699.59,1694.88,1699.43,1723,0,0
2021-03-05 09:15:00,1699.34,1700.03,1698.07,1699.56,1411,0,0
2021-03-05 09:30:00,1699.57,1700.43,1698.03,1699.5,1505,0,0
2021-03-05 09:45:00,1699.5,1699.87,1696.36,1696.63,1589,0,0
2021-03-05 10:00:00,1696.61,1696.8,1693.49,1694.97,2418,0,0
2021-03-05 10:15:00,1694.97,1694.97,1691.89,1693.4,2175,0,0
2021-03-05 10:30:00,1693.55,1694.9,1692.99,1693.01,2031,0,0
2021-03-05 10:45:00,1693.01,1694.32,1690.98,1693.83,1946,0,0
2021-03-05 11:00:00,1693.83,1695.95,1693.09,1693.12,1829,1,0
2021-03-05 11:15:00,1693.11,1693.21,1691.14,1693.21,1670,0,0
2021-03-05 11:30:00,1693.29,1694.01,1691.67,1692.36,1347,0,0
2021-03-05 11:45:00,1692.36,1694.65,1691.96,1694.56,1350,0,0
2021-03-05 12:00:00,1694.56,1695.64,1693.91,1694.62,1476,0,0
2021-03-05 12:15:00,1694.69,1695.5,1693.49,1694.41,1411,0,0
2021-03-05 12:30:00,1694.41,1697.57,1694.38,1695.81,1505,0,0
2021-03-05 12:45:00,1695.81,1695.94,1694.43,1694.63,915,3,0
2021-03-05 13:00:00,1694.63,1695.39,1693.66,1694.05,1234,3,0
2021-03-05 13:15:00,1694.06,1696.81,1693.78,1696.81,1134,3,0
2021-03-05 13:30:00,1696.82,1698.88,1695.9,1696.32,1713,0,0
2021-03-05 13:45:00,1696.32,1697.59,1694.73,1694.82,1357,0,0
2021-03-05 14:00:00,1694.79,1695.8,1694.18,1695.56,1615,0,0
2021-03-05 14:15:00,1695.5,1698.13,1695.16,1697.8,1224,0,0
2021-03-05 14:30:00,1697.79,1697.79,1694.48,1696.74,1545,0,0
2021-03-05 14:45:00,1696.74,1699.04,1694.49,1698.67,1750,0,0
2021-03-05 15:00:00,1698.62,1699.69,1695.69,1696.04,2399,0,0
2021-03-05 15:15:00,1696.04,1697.71,1695.05,1695.69,2331,0,0
2021-03-05 15:30:00,1695.54,1697.9,1687.32,1697.9,3912,0,0
2021-03-05 15:45:00,1697.96,1701.06,1692.39,1693.46,3419,0,0
2021-03-05 16:00:00,1693.45,1699.93,1693.4,1699.83,3199,0,0
2021-03-05 16:15:00,1699.85,1707.68,1699.66,1703.52,3483,0,0
2021-03-05 16:30:00,1703.45,1703.53,1695.85,1697.1,3590,0,0
2021-03-05 16:45:00,1697.18,1697.77,1691.83,1694.49,3585,0,0
2021-03-05 17:00:00,1694.42,1701.83,1694.3,1697.74,3552,0,0
2021-03-05 17:15:00,1697.74,1703.84,1697.52,1700.36,3490,0,0
2021-03-05 17:30:00,1700.35,1701.43,1697.54,1699.5,3278,0,0
2021-03-05 17:45:00,1699.51,1700.36,1695.97,1697.05,3123,0,0
2021-03-05 18:00:00,1697.04,1697.95,1694.98,1696.34,2943,0,0
2021-03-05 18:15:00,1696.36,1699.53,1695.86,1695.94,2715,0,0
2021-03-05 18:30:00,1695.95,1697.51,1694.86,1697.18,2520,0,0
2021-03-05 18:45:00,1697.19,1697.61,1694.4,1697.33,2832,0,0
2021-03-05 19:00:00,1697.28,1699.41,1696.53,1699.14,2429,0,0
2021-03-05 19:15:00,1699.16,1702.71,1699.03,1701.91,2401,0,0
2021-03-05 19:30:00,1701.9,1701.9,1699.05,1701.09,2279,0,0
2021-03-05 19:45:00,1701.09,1703.55,1700.3,1702.79,2258,0,0
2021-03-05 20:00:00,1702.79,1703.68,1701.58,1703.12,2506,0,0
2021-03-05 20:15:00,1703.11,1705.22,1699.98,1700.92,2302,0,0
2021-03-05 20:30:00,1700.89,1702.42,1699.95,1700.46,1970,0,0
2021-03-05 20:45:00,1700.44,1700.63,1698.17,1698.83,1584,4,0
2021-03-05 21:00:00,1698.85,1699.99,1697.98,1699.16,1614,0,0
2021-03-05 21:15:00,1699.15,1699.81,1696.98,1698.43,1484,0,0
2021-03-05 21:30:00,1698.43,1699.5,1698.19,1698.85,1242,0,0
2021-03-05 21:45:00,1698.86,1699.65,1698.28,1699.09,1296,0,0
2021-03-05 22:00:00,1699.11,1699.23,1698.43,1698.91,1152,0,0
2021-03-05 22:15:00,1698.91,1699.25,1698.44,1699.07,1155,0,0
2021-03-05 22:30:00,1699.04,1699.05,1697.59,1698.17,936,0,0
2021-03-05 22:45:00,1698.17,1700.52,1698.0,1698.11,1340,0,0
2021-03-05 23:00:00,1698.08,1698.77,1697.97,1698.33,427,8,0
2021-03-05 23:15:00,1698.35,1699.67,1698.23,1699.44,308,0,0
2021-03-05 23:30:00,1699.45,1701.49,1699.45,1701.22,353,0,0
2021-03-05 23:45:00,1701.22,1701.7,1700.08,1700.08,377,5,0
2021-03-08 01:00:00,1701.46,1709.07,1701.46,1707.06,1737,0,0
2021-03-08 01:15:00,1707.07,1713.94,1706.96,1710.8,1273,0,0
2021-03-08 01:30:00,1710.78,1711.63,1708.86,1709.2,1137,4,0
2021-03-08 01:45:00,1709.24,1709.24,1706.2,1707.75,1064,0,0
2021-03-08 02:00:00,1707.75,1708.15,1705.42,1705.56,897,0,0
2021-03-08 02:15:00,1705.56,1706.75,1705.14,1705.3,1147,0,0
2021-03-08 02:30:00,1705.3,1707.52,1705.05,1707.26,865,0,0
2021-03-08 02:45:00,1707.35,1708.05,1706.57,1706.91,844,9,0
2021-03-08 03:00:00,1706.91,1712.12,1706.71,1711.85,2453,0,0
2021-03-08 03:15:00,1711.85,1712.05,1707.45,1708.52,2008,0,0
2021-03-08 03:30:00,1708.52,1709.91,1708.11,1709.15,1642,0,0
2021-03-08 03:45:00,1709.21,1713.74,1709.21,1713.23,2115,0,0
2021-03-08 04:00:00,1713.23,1714.28,1712.66,1713.08,1874,0,0
2021-03-08 04:15:00,1713.03,1713.15,1711.63,1712.43,1494,0,0
2021-03-08 04:30:00,1712.4,1713.12,1710.5,1710.62,1973,0,0
2021-03-08 04:45:00,1710.55,1710.57,1706.85,1709.07,2115,0,0
2021-03-08 05:00:00,1709.06,1709.48,1706.59,1708.17,1837,0,0
2021-03-08 05:15:00,1708.17,1708.72,1707.07,1707.84,1271,0,0
2021-03-08 05:30:00,1707.9,1707.93,1705.6,1706.74,1216,0,0
2021-03-08 05:45:00,1706.74,1707.19,1705.28,1705.64,962,0,0
2021-03-08 06:00:00,1705.67,1706.13,1704.69,1705.23,1314,0,0
2021-03-08 06:15:00,1705.23,1705.82,1704.32,1705.82,900,4,0
2021-03-08 06:30:00,1705.83,1707.04,1704.81,1706.63,932,0,0
2021-03-08 06:45:00,1706.66,1707.78,1705.67,1707.73,890,0,0
2021-03-08 07:00:00,1707.73,1708.08,1707.07,1707.69,857,0,0
2021-03-08 07:15:00,1707.69,1708.71,1707.5,1708.58,1046,4,0
2021-03-08 07:30:00,1708.62,1709.52,1705.82,1707.45,2325,0,0
2021-03-08 07:45:00,1707.45,1708.64,1706.78,1707.75,1442,1,0
2021-03-08 08:00:00,1707.75,1709.22,1707.25,1707.44,1286,1,0
2021-03-08 08:15:00,1707.43,1707.56,1705.69,1706.14,1328,0,0
2021-03-08 08:30:00,1706.15,1706.5,1705.15,1705.4,1493,0,0
2021-03-08 08:45:00,1705.4,1706.45,1703.96,1704.43,1780,0,0
2021-03-08 09:00:00,1704.43,1704.43,1700.93,1701.55,2214,0,0
2021-03-08 09:15:00,1701.73,1702.71,1698.96,1699.74,1770,0,0
2021-03-08 09:30:00,1699.74,1700.31,1697.05,1698.29,1675,0,0
2021-03-08 09:45:00,1698.29,1699.49,1697.08,1699.24,1784,0,0
2021-03-08 10:00:00,1699.2,1700.53,1697.56,1700.53,2120,0,0
2021-03-08 10:15:00,1700.6,1700.64,1696.28,1696.6,2054,0,0
2021-03-08 10:30:00,1696.41,1696.48,1694.09,1695.53,2307,0,0
2021-03-08 10:45:00,1695.53,1696.54,1691.79,1696.32,1861,0,0
2021-03-08 11:00:00,1696.32,1696.85,1691.14,1692.66,1746,0,0
2021-03-08 11:15:00,1692.67,1693.13,1689.85,1690.09,2359,0,0
2021-03-08 11:30:00,1690.12,1692.26,1689.84,1692.03,1737,0,0
2021-03-08 11:45:00,1691.99,1692.09,1689.89,1690.56,1773,0,0
2021-03-08 12:00:00,1690.54,1691.82,1690.09,1691.77,1358,0,0
2021-03-08 12:15:00,1691.79,1692.65,1691.02,1692.55,1241,2,0
2021-03-08 12:30:00,1692.52,1694.66,1692.28,1693.67,1944,2,0
2021-03-08 12:45:00,1693.67,1693.67,1692.2,1692.58,1135,4,0
2021-03-08 13:00:00,1692.64,1694.2,1692.64,1693.48,1147,0,0
2021-03-08 13:15:00,1693.48,1693.65,1689.44,1689.44,1410,0,0
2021-03-08 13:30:00,1689.38,1692.09,1688.7,1691.21,1775,0,0
2021-03-08 13:45:00,1691.17,1691.4,1685.61,1685.78,2080,0,0
2021-03-08 14:00:00,1685.73,1689.39,1684.84,1687.94,2219,0,0
2021-03-08 14:15:00,1687.94,1690.29,1686.5,1689.14,1696,0,0
2021-03-08 14:30:00,1689.14,1691.88,1688.41,1691.05,1794,0,0
2021-03-08 14:45:00,1691.05,1691.86,1689.84,1690.53,1515,0,0
2021-03-08 15:00:00,1690.51,1691.1,1684.82,1689.49,2859,0,0
2021-03-08 15:15:00,1689.47,1695.96,1689.22,1693.83,2757,0,0
2021-03-08 15:30:00,1693.87,1695.18,1689.88,1690.03,2588,0,0
2021-03-08 15:45:00,1690.05,1694.25,1689.89,1693.81,2685,0,0
2021-03-08 16:00:00,1693.89,1696.29,1691.97,1695.52,2933,0,0
2021-03-08 16:15:00,1695.5,1696.5,1692.38,1692.41,2315,0,0
2021-03-08 16:30:00,1692.33,1693.82,1688.55,1692.19,3448,0,0
2021-03-08 16:45:00,1692.16,1692.51,1686.62,1686.95,3564,0,0
2021-03-08 17:00:00,1686.89,1689.89,1686.28,1687.75,3383,0,0
2021-03-08 17:15:00,1687.73,1690.84,1685.87,1686.59,3225,0,0
2021-03-08 17:30:00,1686.52,1687.89,1679.78,1681.65,2858,0,0
2021-03-08 17:45:00,1681.65,1682.91,1679.42,1681.63,3114,0,0
2021-03-08 18:00:00,1681.7,1684.18,1681.15,1681.73,2602,0,0
2021-03-08 18:15:00,1681.79,1682.18,1679.93,1679.97,2490,0,0
2021-03-08 18:30:00,1679.97,1680.58,1678.36,1679.96,2311,0,0
2021-03-08 18:45:00,1679.96,1680.58,1678.24,1679.91,2368,0,0
2021-03-08 19:00:00,1679.88,1680.32,1678.5,1678.62,2210,0,0
2021-03-08 19:15:00,1678.62,1681.51,1676.81,1680.21,2271,0,0
2021-03-08 19:30:00,1680.21,1682.63,1679.83,1682.63,2033,0,0
2021-03-08 19:45:00,1682.64,1683.0,1680.64,1680.79,1882,4,0
2021-03-08 20:00:00,1680.78,1681.99,1680.46,1681.56,1985,3,0
2021-03-08 20:15:00,1681.56,1682.48,1681.07,1681.47,1870,0,0
2021-03-08 20:30:00,1681.47,1682.52,1681.05,1681.88,1363,0,0
2021-03-08 20:45:00,1681.88,1682.31,1680.45,1680.54,1905,0,0
2021-03-08 21:00:00,1680.54,1682.27,1680.23,1682.19,1399,0,0
2021-03-08 21:15:00,1682.19,1683.24,1682.14,1682.81,1356,2,0
2021-03-08 21:30:00,1682.82,1683.85,1682.71,1683.45,1281,0,0
2021-03-08 21:45:00,1683.42,1685.17,1683.35,1685.11,1610,0,0
2021-03-08 22:00:00,1685.1,1685.34,1684.22,1685.3,1529,0,0
2021-03-08 22:15:00,1685.3,1685.41,1682.5,1682.53,1639,0,0
2021-03-08 22:30:00,1682.52,1682.65,1681.71,1682.3,1173,4,0
2021-03-08 22:45:00,1682.29,1682.64,1680.47,1680.5,1243,2,0
2021-03-08 23:00:00,1680.5,1681.52,1680.5,1681.29,694,1,0
2021-03-08 23:15:00,1681.28,1681.63,1680.98,1681.26,508,5,0
2021-03-08 23:30:00,1681.26,1681.93,1681.13,1681.81,484,7,0
2021-03-08 23:45:00,1681.85,1683.41,1681.78,1683.33,425,0,0
2021-03-09 01:00:00,1683.31,1685.4,1682.68,1685.25,619,0,0
2021-03-09 01:15:00,1685.25,1685.6,1684.84,1685.41,438,0,0
2021-03-09 01:30:00,1685.46,1685.67,1684.5,1684.66,553,0,0
2021-03-09 01:45:00,1684.34,1684.93,1684.26,1684.65,404,6,0
2021-03-09 02:00:00,1684.61,1685.47,1683.46,1683.5,817,4,0
2021-03-09 02:15:00,1683.48,1683.81,1682.41,1682.51,951,0,0
2021-03-09 02:30:00,1682.53,1683.31,1681.64,1683.26,1074,0,0
2021-03-09 02:45:00,1683.26,1684.69,1683.18,1684.58,786,1,0
2021-03-09 03:00:00,1684.57,1685.4,1682.33,1685.08,1986,0,0
2021-03-09 03:15:00,1685.07,1685.74,1681.57,1681.89,1657,0,0
2021-03-09 03:30:00,1681.89,1683.64,1680.09,1681.49,2008,0,0
2021-03-09 03:45:00,1681.53,1684.03,1681.14,1683.42,1840,0,0
2021-03-09 04:00:00,1683.42,1686.35,1683.41,1686.07,1765,0,0
2021-03-09 04:15:00,1686.06,1688.58,1685.66,1688.22,1513,0,0
2021-03-09 04:30:00,1688.21,1689.0,1686.76,1687.65,1565,0,0
2021-03-09 04:45:00,1687.67,1688.09,1686.85,1687.43,1475,0,0
2021-03-09 05:00:00,1687.43,1690.3,1686.3,1690.11,1585,0,0
2021-03-09 05:15:00,1690.04,1690.38,1689.17,1689.25,1647,6,0
2021-03-09 05:30:00,1689.24,1691.57,1688.95,1689.17,1407,0,0
2021-03-09 05:45:00,1689.2,1689.7,1688.56,1689.34,989,0,0
2021-03-09 06:00:00,1689.37,1690.59,1689.27,1689.48,1012,1,0
2021-03-09 06:15:00,1689.48,1689.57,1688.06,1689.0,877,1,0
2021-03-09 06:30:00,1689.0,1689.37,1687.95,1687.95,729,3,0
2021-03-09 06:45:00,1687.95,1688.44,1687.34,1687.56,720,0,0
2021-03-09 07:00:00,1687.57,1688.41,1687.17,1687.98,1004,2,0
2021-03-09 07:15:00,1687.96,1689.33,1687.95,1689.33,755,0,0
2021-03-09 07:30:00,1689.33,1690.64,1687.41,1689.26,1581,0,0
2021-03-09 07:45:00,1689.26,1690.68,1688.42,1688.86,1385,0,0
2021-03-09 08:00:00,1688.85,1690.53,1688.13,1690.22,1559,0,0
2021-03-09 08:15:00,1690.22,1691.41,1689.96,1689.99,1385,3,0
2021-03-09 08:30:00,1689.99,1693.26,1689.62,1693.15,1692,0,0
2021-03-09 08:45:00,1693.16,1694.44,1692.5,1692.95,1731,0,0
2021-03-09 09:00:00,1692.8,1693.49,1691.75,1692.61,1281,0,0
2021-03-09 09:15:00,1692.61,1695.09,1692.55,1694.73,1368,0,0
2021-03-09 09:30:00,1694.73,1697.03,1694.7,1696.67,1757,0,0
2021-03-09 09:45:00,1696.65,1698.43,1695.53,1697.39,1785,0,0
2021-03-09 10:00:00,1697.32,1697.52,1694.98,1695.62,2033,0,0
2021-03-09 10:15:00,1695.64,1698.33,1695.16,1698.05,1475,0,0
2021-03-09 10:30:00,1698.06,1699.75,1696.61,1696.93,2008,0,0
2021-03-09 10:45:00,1696.91,1702.75,1696.38,1702.66,1887,0,0
2021-03-09 11:00:00,1702.66,1703.63,1701.2,1702.82,1843,0,0
2021-03-09 11:15:00,1702.82,1703.75,1701.84,1702.76,1539,0,0
2021-03-09 11:30:00,1702.76,1703.81,1701.92,1703.21,1484,0,0
2021-03-09 11:45:00,1703.17,1703.59,1702.39,1702.66,1367,0,0
2021-03-09 12:00:00,1702.68,1704.98,1702.39,1702.59,1247,0,0
2021-03-09 12:15:00,1702.66,1703.55,1701.7,1702.92,1521,0,0
2021-03-09 12:30:00,1702.92,1702.92,1700.44,1701.01,1464,0,0
2021-03-09 12:45:00,1701.01,1703.77,1700.56,1702.73,1546,0,0
2021-03-09 13:00:00,1702.71,1705.26,1701.7,1704.57,1513,0,0
2021-03-09 13:15:00,1704.56,1707.69,1703.96,1707.57,1631,0,0
2021-03-09 13:30:00,1707.57,1709.46,1706.38,1709.28,1658,0,0
2021-03-09 13:45:00,1709.34,1711.54,1708.95,1709.05,1932,0,0
2021-03-09 14:00:00,1709.05,1709.05,1706.23,1706.74,1738,0,0
2021-03-09 14:15:00,1706.74,1707.06,1703.57,1706.52,1863,0,0
2021-03-09 14:30:00,1706.63,1707.57,1704.25,1705.98,1689,0,0
2021-03-09 14:45:00,1705.98,1706.9,1702.64,1702.85,1594,0,0
2021-03-09 15:00:00,1702.85,1707.41,1702.85,1705.95,2110,0,0
2021-03-09 15:15:00,1705.98,1710.53,1703.84,1708.23,2635,0,0
2021-03-09 15:30:00,1708.29,1711.15,1708.05,1710.24,2880,0,0
2021-03-09 15:45:00,1710.25,1715.13,1709.02,1713.43,2652,0,0
2021-03-09 16:00:00,1713.43,1719.17,1713.34,1718.74,2867,0,0
2021-03-09 16:15:00,1718.74,1719.76,1714.46,1715.41,2627,0,0
2021-03-09 16:30:00,1715.41,1720.64,1714.45,1716.48,3487,0,0
2021-03-09 16:45:00,1716.47,1720.31,1715.1,1717.73,3226,0,0
2021-03-09 17:00:00,1717.78,1719.76,1715.08,1715.71,3367,0,0
2021-03-09 17:15:00,1715.73,1719.45,1715.26,1716.25,2998,0,0
2021-03-09 17:30:00,1716.27,1716.7,1712.83,1715.25,2978,0,0
2021-03-09 17:45:00,1715.3,1715.45,1711.76,1713.09,2824,0,0
2021-03-09 18:00:00,1713.09,1717.16,1712.52,1716.09,2378,0,0
2021-03-09 18:15:00,1716.13,1716.48,1714.53,1715.45,2309,0,0
2021-03-09 18:30:00,1715.46,1716.33,1713.89,1715.46,1831,0,0
2021-03-09 18:45:00,1715.44,1716.23,1715.09,1715.32,1955,0,0
2021-03-09 19:00:00,1715.36,1716.83,1715.36,1716.41,1883,0,0
2021-03-09 19:15:00,1716.41,1717.61,1715.2,1716.23,1624,0,0
2021-03-09 19:30:00,1716.32,1718.02,1715.52,1717.89,1515,1,0
2021-03-09 19:45:00,1717.89,1717.89,1716.34,1716.57,949,0,0
2021-03-09 20:00:00,1716.6,1719.67,1716.34,1719.17,2336,0,0
2021-03-09 20:15:00,1719.17,1719.45,1717.57,1718.8,1808,2,0
2021-03-09 20:30:00,1718.81,1719.36,1717.78,1719.06,1375,0,0
2021-03-09 20:45:00,1719.04,1719.44,1716.19,1716.19,1270,0,0
2021-03-09 21:00:00,1716.19,1717.27,1716.14,1717.18,1032,2,0
2021-03-09 21:15:00,1717.16,1717.93,1715.69,1715.84,995,0,0
2021-03-09 21:30:00,1715.86,1717.93,1715.78,1717.52,988,3,0
2021-03-09 21:45:00,1717.6,1717.94,1716.59,1717.11,1072,0,0
2021-03-09 22:00:00,1717.09,1718.18,1716.84,1716.93,838,0,0
2021-03-09 22:15:00,1716.89,1718.04,1716.81,1717.6,1014,0,0
2021-03-09 22:30:00,1717.6,1718.18,1716.34,1716.4,960,1,0
2021-03-09 22:45:00,1716.44,1716.44,1714.38,1716.03,1021,0,0
2021-03-09 23:00:00,1716.1,1717.09,1715.98,1717.09,544,0,0
2021-03-09 23:15:00,1717.09,1717.52,1716.9,1717.05,418,0,0
2021-03-09 23:30:00,1717.03,1717.6,1715.69,1715.98,399,8,0
2021-03-09 23:45:00,1715.97,1716.36,1714.71,1716.02,532,0,0
2021-03-10 01:00:00,1715.85,1716.21,1714.65,1714.75,563,9,0
2021-03-10 01:15:00,1714.72,1715.72,1714.05,1714.13,526,0,0
2021-03-10 01:30:00,1714.21,1716.02,1714.18,1716.02,669,0,0
2021-03-10 01:45:00,1716.02,1716.32,1714.9,1715.86,675,0,0
2021-03-10 02:00:00,1715.87,1716.93,1715.59,1716.88,966,0,0
2021-03-10 02:15:00,1716.88,1717.19,1715.08,1716.39,1247,0,0
2021-03-10 02:30:00,1716.4,1717.35,1716.05,1716.63,901,0,0
2021-03-10 02:45:00,1716.62,1717.14,1712.76,1715.42,1212,0,0
2021-03-10 03:00:00,1715.4,1719.56,1714.2,1718.2,1547,0,0
2021-03-10 03:15:00,1718.2,1718.29,1715.5,1716.21,1413,2,0
2021-03-10 03:30:00,1716.2,1716.22,1712.91,1713.55,1603,0,0
2021-03-10 03:45:00,1713.57,1716.2,1713.23,1713.61,1316,0,0
2021-03-10 04:00:00,1713.59,1713.84,1711.0,1711.01,1634,0,0
2021-03-10 04:15:00,1711.01,1712.62,1710.96,1711.82,933,0,0
2021-03-10 04:30:00,1711.82,1712.98,1710.83,1712.58,1419,0,0
2021-03-10 04:45:00,1712.56,1713.77,1712.45,1713.49,1004,0,0
2021-03-10 05:00:00,1713.49,1713.5,1712.02,1712.74,849,0,0
2021-03-10 05:15:00,1712.74,1713.2,1711.44,1711.46,1103,0,0
2021-03-10 05:30:00,1711.46,1712.49,1711.45,1711.97,731,5,0
2021-03-10 05:45:00,1711.97,1712.71,1711.75,1712.56,461,1,0
2021-03-10 06:00:00,1712.6,1713.35,1712.46,1712.99,594,0,0
2021-03-10 06:15:00,1712.99,1713.79,1712.55,1713.46,461,0,0
2021-03-10 06:30:00,1713.47,1713.84,1712.83,1713.41,638,4,0
2021-03-10 06:45:00,1713.41,1714.16,1713.1,1713.12,608,4,0
2021-03-10 07:00:00,1713.13,1713.19,1711.64,1712.54,947,0,0
2021-03-10 07:15:00,1712.54,1713.46,1712.51,1712.6,698,3,0
2021-03-10 07:30:00,1712.6,1714.0,1711.49,1713.45,1490,0,0
2021-03-10 07:45:00,1713.45,1713.45,1711.99,1712.88,1006,0,0
2021-03-10 08:00:00,1712.83,1712.88,1709.77,1710.21,1770,0,0
2021-03-10 08:15:00,1710.21,1711.93,1709.64,1711.69,1291,0,0
2021-03-10 08:30:00,1711.69,1714.11,1710.48,1714.04,1380,1,0
2021-03-10 08:45:00,1714.04,1715.28,1713.23,1715.07,1512,0,0
2021-03-10 09:00:00,1714.97,1716.46,1714.22,1715.47,1598,0,0
2021-03-10 09:15:00,1715.49,1715.78,1714.51,1715.72,1099,2,0
2021-03-10 09:30:00,1715.72,1716.1,1713.85,1715.45,1166,0,0
2021-03-10 09:45:00,1715.48,1716.66,1715.08,1715.29,1340,0,0
2021-03-10 10:00:00,1715.29,1715.42,1710.35,1710.63,1889,0,0
2021-03-10 10:15:00,1710.66,1712.23,1710.11,1711.39,1318,0,0
2021-03-10 10:30:00,1711.37,1713.44,1711.21,1712.95,1330,0,0
2021-03-10 10:45:00,1712.98,1715.49,1712.75,1714.71,1394,0,0
2021-03-10 11:00:00,1714.71,1715.38,1713.02,1714.8,1288,0,0
2021-03-10 11:15:00,1714.8,1715.28,1713.54,1713.77,1223,0,0
2021-03-10 11:30:00,1713.77,1714.8,1713.37,1713.45,1094,4,0
2021-03-10 11:45:00,1713.45,1714.36,1712.54,1714.33,974,0,0
2021-03-10 12:00:00,1714.33,1715.14,1713.99,1714.61,902,3,0
2021-03-10 12:15:00,1714.61,1715.47,1714.27,1715.05,998,0,0
2021-03-10 12:30:00,1715.05,1715.05,1711.79,1712.32,1245,0,0
2021-03-10 12:45:00,1712.31,1712.77,1711.07,1711.09,1043,0,0
2021-03-10 13:00:00,1711.1,1711.63,1709.81,1711.35,1163,0,0
2021-03-10 13:15:00,1711.35,1712.22,1708.72,1708.96,1286,0,0
2021-03-10 13:30:00,1708.83,1709.94,1708.21,1709.66,1524,0,0
2021-03-10 13:45:00,1709.63,1712.05,1709.36,1711.84,1166,0,0
2021-03-10 14:00:00,1711.82,1711.94,1710.59,1710.99,1246,4,0
2021-03-10 14:15:00,1711.0,1713.65,1710.89,1713.02,1444,0,0
2021-03-10 14:30:00,1713.02,1713.57,1711.29,1711.72,1489,0,0
2021-03-10 14:45:00,1711.72,1712.84,1710.64,1712.82,1259,0,0
2021-03-10 15:00:00,1712.78,1714.62,1711.38,1714.08,2504,0,0
2021-03-10 15:15:00,1714.08,1715.29,1711.83,1712.33,1765,0,0
2021-03-10 15:30:00,1712.33,1723.68,1712.33,1717.39,3671,0,0
2021-03-10 15:45:00,1717.43,1720.62,1717.04,1720.05,2803,0,0
2021-03-10 16:00:00,1720.07,1721.71,1717.55,1721.51,3082,0,0
2021-03-10 16:15:00,1721.51,1722.17,1717.91,1718.78,2796,0,0
2021-03-10 16:30:00,1718.74,1720.69,1715.63,1719.81,3159,0,0
2021-03-10 16:45:00,1719.86,1721.51,1718.4,1718.49,3100,0,0
2021-03-10 17:00:00,1718.51,1720.17,1715.93,1717.06,2952,0,0
2021-03-10 17:15:00,1717.09,1718.55,1714.41,1714.49,2578,0,0
2021-03-10 17:30:00,1714.45,1718.2,1714.41,1717.91,2662,0,0
2021-03-10 17:45:00,1717.91,1719.28,1716.32,1719.07,2521,0,0
2021-03-10 18:00:00,1719.06,1720.35,1715.48,1717.14,2262,0,0
2021-03-10 18:15:00,1717.17,1717.64,1714.56,1717.02,2465,0,0
2021-03-10 18:30:00,1717.03,1717.92,1715.9,1716.54,2287,0,0
2021-03-10 18:45:00,1716.53,1719.36,1715.83,1719.36,1534,0,0
2021-03-10 19:00:00,1719.37,1720.01,1718.04,1718.97,2004,0,0
2021-03-10 19:15:00,1718.98,1719.95,1718.14,1718.23,1580,0,0
2021-03-10 19:30:00,1718.26,1719.87,1718.03,1719.72,1342,1,0
2021-03-10 19:45:00,1719.75,1720.53,1719.31,1719.33,1351,5,0
2021-03-10 20:00:00,1719.35,1722.62,1716.27,1720.78,2983,0,0
2021-03-10 20:15:00,1720.77,1723.94,1717.72,1723.4,2484,0,0
2021-03-10 20:30:00,1723.39,1724.12,1720.27,1723.23,1857,0,0
2021-03-10 20:45:00,1723.23,1723.79,1722.0,1723.42,1793,0,0
2021-03-10 21:00:00,1723.42,1725.62,1722.45,1725.06,1322,0,0
2021-03-10 21:15:00,1725.06,1726.04,1724.62,1725.03,870,0,0
2021-03-10 21:30:00,1725.03,1725.23,1723.59,1724.1,713,0,0
2021-03-10 21:45:00,1724.0,1725.13,1723.66,1723.96,938,0,0
2021-03-10 22:00:00,1723.96,1725.19,1723.7,1724.71,1780,0,0
2021-03-10 22:15:00,1724.77,1725.79,1724.59,1725.64,1648,0,0
2021-03-10 22:30:00,1725.64,1725.91,1723.43,1725.53,968,0,0
2021-03-10 22:45:00,1725.51,1726.26,1724.28,1725.43,1069,0,0
2021-03-10 23:00:00,1725.45,1725.45,1724.4,1725.03,504,1,0
2021-03-10 23:15:00,1725.08,1725.33,1724.7,1725.25,499,0,0
2021-03-10 23:30:00,1725.25,1726.15,1724.87,1725.96,387,3,0
2021-03-10 23:45:00,1725.98,1726.76,1725.92,1726.52,550,2,0
2021-03-11 01:00:00,1726.35,1727.17,1726.25,1726.81,497,1,0
2021-03-11 01:15:00,1726.81,1727.0,1726.38,1726.46,285,10,0
2021-03-11 01:30:00,1726.43,1726.79,1726.33,1726.43,380,0,0
2021-03-11 01:45:00,1726.43,1726.86,1726.37,1726.72,375,0,0
2021-03-11 02:00:00,1726.75,1727.93,1726.47,1726.81,594,6,0
2021-03-11 02:15:00,1726.78,1727.44,1725.17,1725.28,544,0,0
2021-03-11 02:30:00,1725.33,1725.91,1725.12,1725.18,670,0,0
2021-03-11 02:45:00,1725.18,1725.35,1724.11,1724.93,682,1,0
2021-03-11 03:00:00,1724.93,1725.59,1723.22,1725.41,1365,0,0
2021-03-11 03:15:00,1725.4,1727.18,1725.34,1725.93,1354,0,0
2021-03-11 03:30:00,1725.93,1727.53,1724.18,1724.29,1783,0,0
2021-03-11 03:45:00,1724.35,1726.78,1724.34,1726.1,1588,0,0
2021-03-11 04:00:00,1726.1,1730.41,1726.1,1729.82,1480,0,0
2021-03-11 04:15:00,1729.84,1730.98,1729.54,1730.93,1077,0,0
2021-03-11 04:30:00,1730.93,1732.25,1730.67,1730.72,1471,0,0
2021-03-11 04:45:00,1730.72,1731.11,1729.25,1730.09,1269,0,0
2021-03-11 05:00:00,1730.1,1732.34,1729.83,1732.28,1084,0,0
2021-03-11 05:15:00,1732.28,1733.89,1732.27,1733.76,1343,2,0
2021-03-11 05:30:00,1733.77,1734.62,1731.15,1731.38,923,0,0
2021-03-11 05:45:00,1731.37,1732.43,1731.37,1731.8,891,0,0
2021-03-11 06:00:00,1731.77,1732.89,1731.01,1731.7,697,1,0
2021-03-11 06:15:00,1731.68,1731.78,1730.78,1731.36,489,6,0
2021-03-11 06:30:00,1731.39,1731.69,1730.89,1731.58,507,7,0
2021-03-11 06:45:00,1731.58,1732.36,1731.05,1732.23,575,8,0
2021-03-11 07:00:00,1732.23,1732.95,1731.59,1732.81,698,11,0
2021-03-11 07:15:00,1732.81,1733.18,1731.59,1732.04,765,0,0
2021-03-11 07:30:00,1732.04,1734.88,1732.04,1733.59,1491,0,0
2021-03-11 07:45:00,1733.53,1735.92,1733.49,1735.6,1116,0,0
2021-03-11 08:00:00,1735.57,1735.68,1733.64,1734.2,1596,0,0
2021-03-11 08:15:00,1734.23,1734.58,1733.11,1733.31,1311,0,0
2021-03-11 08:30:00,1733.3,1734.47,1732.53,1733.86,1073,0,0
2021-03-11 08:45:00,1733.86,1735.07,1732.3,1732.37,1150,0,0
2021-03-11 09:00:00,1732.49,1734.79,1731.4,1734.65,1351,0,0
2021-03-11 09:15:00,1734.65,1737.1,1734.21,1736.5,1372,0,0
2021-03-11 09:30:00,1736.5,1737.87,1735.99,1736.86,1074,0,0
2021-03-11 09:45:00,1736.86,1737.96,1735.85,1736.8,1344,0,0
2021-03-11 10:00:00,1736.73,1737.98,1735.74,1736.93,1806,0,0
2021-03-11 10:15:00,1736.93,1738.96,1736.57,1738.85,1741,0,0
2021-03-11 10:30:00,1738.83,1739.25,1737.91,1739.11,1717,0,0
2021-03-11 10:45:00,1739.11,1739.73,1738.86,1738.93,1432,0,0
2021-03-11 11:00:00,1738.94,1739.46,1738.02,1739.42,1325,0,0
2021-03-11 11:15:00,1739.47,1739.83,1736.07,1736.36,1266,1,0
2021-03-11 11:30:00,1736.36,1736.97,1734.7,1735.12,1730,0,0
2021-03-11 11:45:00,1735.12,1735.81,1733.42,1733.67,1521,0,0
2021-03-11 12:00:00,1733.72,1734.77,1732.51,1733.9,1255,0,0
2021-03-11 12:15:00,1733.9,1736.37,1733.9,1736.26,1109,0,0
2021-03-11 12:30:00,1736.26,1736.26,1734.72,1734.72,888,0,0
2021-03-11 12:45:00,1734.66,1736.7,1734.44,1735.97,1271,2,0
2021-03-11 13:00:00,1736.0,1736.28,1734.36,1734.42,1242,0,0
2021-03-11 13:15:00,1734.4,1736.49,1733.87,1735.39,1082,4,0
2021-03-11 13:30:00,1735.39,1736.22,1731.45,1733.03,1379,0,0
2021-03-11 13:45:00,1733.07,1734.48,1732.7,1733.4,1312,0,0
2021-03-11 14:00:00,1733.37,1733.71,1730.67,1732.56,1605,0,0
2021-03-11 14:15:00,1732.56,1732.97,1730.27,1730.69,1144,0,0
2021-03-11 14:30:00,1730.97,1732.37,1730.58,1731.12,1557,0,0
2021-03-11 14:45:00,1731.07,1737.02,1730.99,1735.99,2252,0,0
2021-03-11 15:00:00,1735.81,1737.18,1732.59,1734.7,2302,0,0
2021-03-11 15:15:00,1734.7,1736.28,1732.97,1733.65,1971,0,0
2021-03-11 15:30:00,1733.65,1733.65,1728.57,1729.24,2875,0,0
2021-03-11 15:45:00,1729.21,1732.55,1727.34,1730.01,2810,0,0
2021-03-11 16:00:00,1730.0,1731.51,1728.18,1729.5,2395,0,0
2021-03-11 16:15:00,1729.59,1730.85,1722.47,1723.31,2842,0,0
2021-03-11 16:30:00,1723.37,1726.24,1719.49,1720.12,3355,0,0
2021-03-11 16:45:00,1720.09,1725.32,1719.23,1722.95,3107,0,0
2021-03-11 17:00:00,1722.87,1727.1,1722.12,1723.32,2935,0,0
2021-03-11 17:15:00,1723.34,1724.58,1719.7,1722.65,2954,0,0
2021-03-11 17:30:00,1722.65,1724.34,1722.11,1724.05,2084,0,0
2021-03-11 17:45:00,1724.05,1727.43,1723.23,1725.44,2392,0,0
2021-03-11 18:00:00,1725.44,1725.95,1721.04,1722.08,2139,0,0
2021-03-11 18:15:00,1722.08,1726.0,1722.02,1724.04,1780,0,0
2021-03-11 18:30:00,1724.03,1724.11,1722.25,1723.38,1716,0,0
2021-03-11 18:45:00,1723.39,1725.26,1722.65,1724.37,1516,0,0
2021-03-11 19:00:00,1724.39,1726.09,1724.36,1724.66,1440,0,0
2021-03-11 19:15:00,1724.66,1725.38,1723.95,1725.34,1194,0,0
2021-03-11 19:30:00,1725.34,1725.95,1722.81,1723.76,1284,0,0
2021-03-11 19:45:00,1723.68,1724.5,1721.81,1723.67,1485,0,0
2021-03-11 20:00:00,1723.73,1728.31,1723.54,1725.52,2613,0,0
2021-03-11 20:15:00,1725.52,1726.44,1724.11,1724.71,2172,0,0
2021-03-11 20:30:00,1724.68,1724.81,1722.36,1724.03,1826,0,0
2021-03-11 20:45:00,1724.02,1725.58,1723.5,1724.45,1801,0,0
2021-03-11 21:00:00,1724.49,1725.35,1723.1,1723.24,1879,0,0
2021-03-11 21:15:00,1723.24,1723.98,1722.95,1723.0,1292,0,0
2021-03-11 21:30:00,1723.08,1724.65,1722.68,1724.53,1072,0,0
2021-03-11 21:45:00,1724.54,1724.93,1723.62,1724.71,1136,2,0
2021-03-11 22:00:00,1724.75,1724.75,1723.65,1724.21,1171,1,0
2021-03-11 22:15:00,1724.21,1724.73,1723.08,1723.37,975,0,0
2021-03-11 22:30:00,1723.37,1723.58,1722.46,1723.22,932,0,0
2021-03-11 22:45:00,1723.24,1723.98,1722.53,1723.61,964,0,0
2021-03-11 23:00:00,1723.68,1725.04,1723.61,1724.71,660,4,0
2021-03-11 23:15:00,1724.73,1724.89,1723.65,1724.23,690,0,0
2021-03-11 23:30:00,1724.22,1724.22,1722.4,1722.57,446,0,0
2021-03-11 23:45:00,1722.69,1722.72,1721.51,1722.39,582,6,0
2021-03-12 01:00:00,1721.73,1722.39,1721.34,1721.74,522,6,0
2021-03-12 01:15:00,1721.75,1723.22,1721.59,1723.02,427,12,0
2021-03-12 01:30:00,1723.02,1723.55,1722.95,1723.0,394,5,0
2021-03-12 01:45:00,1722.99,1723.55,1722.46,1722.66,313,1,0
2021-03-12 02:00:00,1722.67,1724.5,1722.64,1724.23,848,1,0
2021-03-12 02:15:00,1724.23,1725.1,1723.9,1724.95,656,0,0
2021-03-12 02:30:00,1724.95,1725.72,1724.25,1725.09,547,0,0
2021-03-12 02:45:00,1725.09,1725.39,1724.43,1724.46,567,0,0
2021-03-12 03:00:00,1724.46,1726.05,1723.31,1725.74,1263,0,0
2021-03-12 03:15:00,1725.62,1727.0,1724.98,1726.71,910,0,0
2021-03-12 03:30:00,1726.72,1727.96,1726.21,1727.34,1243,0,0
2021-03-12 03:45:00,1727.33,1727.41,1724.75,1724.93,1313,0,0
2021-03-12 04:00:00,1724.93,1724.94,1722.59,1723.68,1207,0,0
2021-03-12 04:15:00,1723.69,1724.02,1721.81,1722.59,952,0,0
2021-03-12 04:30:00,1722.58,1723.53,1719.71,1719.9,1528,0,0
2021-03-12 04:45:00,1719.92,1720.33,1718.78,1719.55,1989,0,0
2021-03-12 05:00:00,1719.52,1719.7,1716.88,1718.02,1689,0,0
2021-03-12 05:15:00,1718.04,1718.81,1716.98,1718.33,1297,0,0
2021-03-12 05:30:00,1718.35,1718.92,1717.43,1718.76,646,1,0
2021-03-12 05:45:00,1718.76,1719.34,1718.18,1718.35,780,0,0
2021-03-12 06:00:00,1718.35,1719.66,1718.19,1719.3,571,2,0
2021-03-12 06:15:00,1719.26,1719.77,1718.54,1719.21,746,0,0
2021-03-12 06:30:00,1719.22,1719.29,1718.53,1718.72,663,1,0
2021-03-12 06:45:00,1718.76,1719.08,1717.92,1718.87,633,4,0
2021-03-12 07:00:00,1718.87,1719.62,1718.59,1718.74,861,3,0
2021-03-12 07:15:00,1718.73,1719.01,1718.36,1718.87,730,0,0
2021-03-12 07:30:00,1718.9,1719.72,1717.74,1718.12,1418,0,0
2021-03-12 07:45:00,1718.1,1718.49,1716.26,1718.1,1386,0,0
2021-03-12 08:00:00,1718.1,1718.23,1712.14,1714.16,2276,0,0
2021-03-12 08:15:00,1714.19,1715.27,1712.63,1713.37,2006,0,0
2021-03-12 08:30:00,1713.55,1714.28,1709.82,1711.29,2045,0,0
2021-03-12 08:45:00,1711.24,1712.71,1709.7,1711.99,2039,0,0
2021-03-12 09:00:00,1711.95,1712.33,1708.98,1709.03,1684,0,0
2021-03-12 09:15:00,1709.0,1710.7,1707.55,1710.47,2112,0,0
2021-03-12 09:30:00,1710.49,1711.01,1707.88,1709.93,1903,0,0
2021-03-12 09:45:00,1709.91,1711.97,1709.22,1710.5,1685,0,0
2021-03-12 10:00:00,1710.5,1711.32,1706.4,1707.38,2519,0,0
2021-03-12 10:15:00,1707.41,1710.27,1706.45,1708.99,1929,0,0
2021-03-12 10:30:00,1708.98,1709.4,1707.06,1707.92,1568,0,0
2021-03-12 10:45:00,1707.92,1709.19,1705.96,1706.52,1705,0,0
2021-03-12 11:00:00,1706.51,1706.91,1704.87,1705.51,1720,0,0
2021-03-12 11:15:00,1705.52,1705.7,1701.78,1702.47,2039,0,0
2021-03-12 11:30:00,1702.5,1704.22,1701.4,1702.11,1564,0,0
2021-03-12 11:45:00,1702.09,1702.41,1699.2,1701.41,1877,0,0
2021-03-12 12:00:00,1701.38,1702.4,1700.23,1702.22,1531,0,0
2021-03-12 12:15:00,1702.2,1702.91,1701.3,1702.3,1225,0,0
2021-03-12 12:30:00,1702.38,1705.45,1702.08,1704.13,1388,0,0
2021-03-12 12:45:00,1704.1,1704.67,1703.07,1703.32,1278,0,0
2021-03-12 13:00:00,1703.34,1703.7,1701.85,1702.0,1455,0,0
2021-03-12 13:15:00,1702.0,1702.23,1699.62,1701.67,1543,0,0
2021-03-12 13:30:00,1701.67,1704.13,1701.57,1702.95,1364,0,0
2021-03-12 13:45:00,1702.93,1703.44,1701.96,1703.32,1195,0,0
2021-03-12 14:00:00,1703.34,1704.54,1702.22,1704.34,1690,0,0
2021-03-12 14:15:00,1704.34,1706.39,1704.29,1704.44,1369,0,0
2021-03-12 14:30:00,1704.44,1704.86,1703.05,1704.45,1180,0,0
2021-03-12 14:45:00,1704.4,1706.8,1703.82,1706.74,1492,0,0
2021-03-12 15:00:00,1706.71,1706.79,1699.49,1700.02,2368,0,0
2021-03-12 15:15:00,1700.04,1705.88,1699.69,1704.29,2218,0,0
2021-03-12 15:30:00,1704.29,1707.37,1704.03,1704.51,2568,0,0
2021-03-12 15:45:00,1704.51,1706.3,1700.52,1705.03,2481,0,0
2021-03-12 16:00:00,1705.02,1705.89,1702.33,1702.89,2815,0,0
2021-03-12 16:15:00,1702.97,1704.55,1701.15,1702.84,2615,0,0
2021-03-12 16:30:00,1702.74,1705.8,1700.6,1704.25,3483,0,0
2021-03-12 16:45:00,1704.23,1708.21,1703.81,1706.23,3263,0,0
2021-03-12 17:00:00,1706.25,1708.58,1703.29,1704.34,3004,0,0
2021-03-12 17:15:00,1704.28,1705.0,1701.99,1703.85,2667,0,0
2021-03-12 17:30:00,1703.88,1707.23,1703.56,1707.11,2512,0,0
2021-03-12 17:45:00,1707.15,1708.77,1705.23,1707.2,2420,0,0
2021-03-12 18:00:00,1707.16,1710.98,1706.15,1710.24,2727,0,0
2021-03-12 18:15:00,1710.32,1713.94,1709.25,1712.39,2327,0,0
2021-03-12 18:30:00,1712.42,1717.29,1711.18,1717.05,2266,0,0
2021-03-12 18:45:00,1717.08,1720.28,1716.01,1718.14,2341,0,0
2021-03-12 19:00:00,1718.17,1719.98,1717.88,1718.84,2163,0,0
2021-03-12 19:15:00,1718.86,1719.41,1717.39,1718.64,1710,0,0
2021-03-12 19:30:00,1718.61,1719.83,1718.0,1719.1,1593,0,0
2021-03-12 19:45:00,1719.19,1722.67,1719.1,1719.66,1831,0,0
2021-03-12 20:00:00,1719.66,1721.19,1719.41,1719.98,1837,0,0
2021-03-12 20:15:00,1719.98,1722.22,1719.48,1721.34,1445,0,0
2021-03-12 20:30:00,1721.39,1723.62,1721.13,1722.79,1162,0,0
2021-03-12 20:45:00,1722.79,1725.13,1722.47,1724.5,1401,0,0
2021-03-12 21:00:00,1724.5,1725.31,1724.14,1724.7,1285,0,0
2021-03-12 21:15:00,1724.7,1725.34,1724.08,1724.48,991,0,0
2021-03-12 21:30:00,1724.45,1725.0,1722.65,1723.13,948,0,0
2021-03-12 21:45:00,1723.11,1723.8,1722.54,1722.54,1140,0,0
2021-03-12 22:00:00,1722.5,1723.11,1721.82,1721.99,1182,0,0
2021-03-12 22:15:00,1722.01,1722.86,1721.32,1721.72,749,0,0
2021-03-12 22:30:00,1721.63,1724.28,1721.43,1723.44,885,0,0
2021-03-12 22:45:00,1723.44,1724.69,1723.16,1723.56,1226,0,0
2021-03-12 23:00:00,1723.51,1724.66,1723.49,1724.02,439,4,0
2021-03-12 23:15:00,1724.02,1724.55,1723.92,1724.33,225,4,0
2021-03-12 23:30:00,1724.34,1725.3,1723.96,1724.68,265,0,0
2021-03-12 23:45:00,1724.7,1729.26,1724.23,1726.59,661,0,0
2021-03-15 01:00:00,1724.78,1730.34,1724.78,1727.26,952,0,0
2021-03-15 01:15:00,1727.25,1727.52,1725.91,1726.73,403,1,0
2021-03-15 01:30:00,1726.72,1727.75,1726.26,1727.33,599,0,0
2021-03-15 01:45:00,1727.33,1728.21,1726.58,1727.75,546,0,0
2021-03-15 02:00:00,1727.95,1728.09,1726.4,1727.35,776,0,0
2021-03-15 02:15:00,1727.36,1727.45,1725.67,1725.76,629,0,0
2021-03-15 02:30:00,1725.76,1726.65,1725.04,1725.49,717,4,0
2021-03-15 02:45:00,1725.49,1725.92,1724.24,1725.33,803,0,0
2021-03-15 03:00:00,1725.29,1726.82,1724.89,1725.94,975,0,0
2021-03-15 03:15:00,1725.94,1727.61,1725.94,1726.76,783,1,0
2021-03-15 03:30:00,1726.67,1727.27,1725.52,1726.18,892,0,0
2021-03-15 03:45:00,1726.2,1727.21,1725.87,1727.2,767,0,0
2021-03-15 04:00:00,1727.18,1732.39,1725.78,1732.32,1774,0,0
2021-03-15 04:15:00,1732.35,1733.99,1730.88,1733.81,1413,0,0
2021-03-15 04:30:00,1733.75,1734.02,1729.83,1730.14,1750,0,0
2021-03-15 04:45:00,1730.15,1731.01,1729.04,1729.54,1301,0,0
2021-03-15 05:00:00,1729.54,1731.2,1727.82,1729.2,1434,0,0
2021-03-15 05:15:00,1729.2,1729.2,1725.67,1726.15,1255,0,0
2021-03-15 05:30:00,1726.12,1727.49,1725.69,1726.83,1464,1,0
2021-03-15 05:45:00,1726.85,1726.99,1725.25,1726.25,1298,0,0
2021-03-15 06:00:00,1726.22,1727.32,1725.8,1727.23,1058,0,0
2021-03-15 06:15:00,1727.22,1727.52,1725.67,1725.79,1438,0,0
2021-03-15 06:30:00,1725.87,1726.91,1725.71,1726.83,703,0,0
2021-03-15 06:45:00,1726.83,1728.02,1726.52,1727.79,673,0,0
2021-03-15 07:00:00,1727.8,1727.94,1726.79,1726.85,584,0,0
2021-03-15 07:15:00,1726.86,1727.45,1726.34,1726.99,709,3,0
2021-03-15 07:30:00,1727.01,1727.24,1725.76,1726.26,800,0,0
2021-03-15 07:45:00,1726.29,1727.1,1726.25,1726.77,562,2,0
2021-03-15 08:00:00,1726.74,1726.91,1724.53,1725.23,1178,0,0
2021-03-15 08:15:00,1725.21,1725.4,1723.99,1724.22,992,0,0
2021-03-15 08:30:00,1724.25,1724.36,1721.66,1723.5,1801,0,0
2021-03-15 08:45:00,1723.5,1724.51,1722.67,1723.98,1361,1,0
2021-03-15 09:00:00,1723.98,1724.79,1722.8,1722.96,1281,0,0
2021-03-15 09:15:00,1722.93,1723.92,1722.32,1723.62,1349,0,0
2021-03-15 09:30:00,1723.66,1725.36,1723.66,1724.86,1169,0,0
2021-03-15 09:45:00,1724.88,1725.88,1723.69,1723.69,1235,0,0
2021-03-15 10:00:00,1723.73,1726.13,1723.46,1724.94,1490,0,0
2021-03-15 10:15:00,1724.92,1725.95,1724.16,1725.12,1012,0,0
2021-03-15 10:30:00,1725.12,1726.59,1723.97,1723.98,1111,0,0
2021-03-15 10:45:00,1723.98,1724.28,1722.17,1722.71,1281,0,0
2021-03-15 11:00:00,1722.7,1726.61,1722.7,1726.41,1895,0,0
2021-03-15 11:15:00,1726.42,1726.61,1724.06,1725.62,1338,0,0
2021-03-15 11:30:00,1725.64,1726.67,1724.78,1726.11,1634,0,0
2021-03-15 11:45:00,1726.17,1728.31,1725.71,1727.91,1692,0,0
2021-03-15 12:00:00,1727.92,1730.01,1727.81,1729.51,1786,0,0
2021-03-15 12:15:00,1729.51,1732.34,1729.35,1732.32,1465,0,0
2021-03-15 12:30:00,1732.32,1732.61,1730.78,1730.99,1474,0,0
2021-03-15 12:45:00,1731.11,1731.21,1728.88,1729.03,1409,0,0
2021-03-15 13:00:00,1729.03,1729.51,1728.5,1729.49,1167,0,0
2021-03-15 13:15:00,1729.5,1730.26,1728.77,1729.23,1122,0,0
2021-03-15 13:30:00,1729.19,1729.35,1727.16,1728.56,1168,0,0
2021-03-15 13:45:00,1728.58,1729.65,1728.46,1729.19,926,0,0
2021-03-15 14:00:00,1729.14,1730.99,1728.16,1730.16,1136,0,0
2021-03-15 14:15:00,1730.11,1732.2,1729.76,1730.66,1299,0,0
2021-03-15 14:30:00,1730.66,1730.96,1728.79,1730.69,1414,0,0
2021-03-15 14:45:00,1730.7,1731.42,1729.26,1729.76,1257,0,0
2021-03-15 15:00:00,1729.97,1730.88,1728.49,1729.51,1743,0,0
2021-03-15 15:15:00,1729.51,1732.74,1728.79,1730.55,1851,0,0
2021-03-15 15:30:00,1730.46,1732.12,1728.83,1730.61,2159,0,0
2021-03-15 15:45:00,1730.6,1733.08,1729.14,1731.25,2104,0,0
2021-03-15 16:00:00,1731.25,1733.96,1729.25,1730.22,2798,0,0
2021-03-15 16:15:00,1730.23,1731.88,1728.8,1731.83,2314,0,0
2021-03-15 16:30:00,1731.78,1734.49,1730.59,1732.03,3182,0,0
2021-03-15 16:45:00,1732.01,1734.51,1731.74,1734.02,2785,0,0
2021-03-15 17:00:00,1734.02,1734.5,1729.97,1732.39,2813,0,0
2021-03-15 17:15:00,1732.42,1733.07,1728.22,1728.81,2825,0,0
2021-03-15 17:30:00,1728.81,1730.08,1725.92,1726.76,2919,0,0
2021-03-15 17:45:00,1726.76,1727.05,1723.38,1723.94,2528,0,0
2021-03-15 18:00:00,1723.94,1728.31,1722.81,1727.7,2189,0,0
2021-03-15 18:15:00,1727.79,1728.07,1726.52,1727.21,1914,0,0
2021-03-15 18:30:00,1727.21,1728.4,1725.07,1726.3,2208,0,0
2021-03-15 18:45:00,1726.3,1728.62,1725.25,1727.13,2182,0,0
2021-03-15 19:00:00,1727.13,1729.58,1726.7,1729.54,1556,0,0
2021-03-15 19:15:00,1729.55,1730.6,1729.05,1729.61,1262,0,0
2021-03-15 19:30:00,1729.61,1729.74,1728.46,1729.15,1145,0,0
2021-03-15 19:45:00,1729.15,1730.43,1728.65,1729.06,1246,0,0
2021-03-15 20:00:00,1729.08,1729.74,1728.01,1728.52,984,0,0
2021-03-15 20:15:00,1728.49,1731.21,1728.42,1730.32,1144,0,0
2021-03-15 20:30:00,1730.32,1730.44,1729.32,1729.98,775,0,0
2021-03-15 20:45:00,1729.98,1730.41,1729.27,1729.27,920,0,0
2021-03-15 21:00:00,1729.28,1731.72,1729.26,1730.97,940,0,0
2021-03-15 21:15:00,1730.97,1731.42,1729.9,1730.11,800,0,0
2021-03-15 21:30:00,1730.11,1730.39,1729.52,1729.8,672,0,0
2021-03-15 21:45:00,1729.8,1730.16,1728.19,1728.82,899,0,0
2021-03-15 22:00:00,1728.82,1729.44,1728.31,1728.89,854,0,0
2021-03-15 22:15:00,1728.89,1729.84,1728.21,1729.75,703,3,0
2021-03-15 22:30:00,1729.65,1730.68,1729.65,1730.56,744,0,0
2021-03-15 22:45:00,1730.56,1732.08,1730.24,1730.97,1260,0,0
2021-03-15 23:00:00,1730.93,1731.79,1730.77,1731.14,728,0,0
2021-03-15 23:15:00,1731.14,1731.67,1730.89,1731.54,400,3,0
2021-03-15 23:30:00,1731.52,1731.79,1731.11,1731.56,227,2,0
2021-03-15 23:45:00,1731.51,1732.16,1731.34,1731.58,394,4,0
2021-03-16 01:00:00,1731.33,1732.17,1731.3,1731.51,355,0,0
2021-03-16 01:15:00,1731.51,1731.75,1731.15,1731.68,291,0,0
2021-03-16 01:30:00,1731.62,1731.79,1731.17,1731.18,315,10,0
2021-03-16 01:45:00,1731.18,1731.84,1730.28,1730.65,448,0,0
2021-03-16 02:00:00,1730.65,1731.47,1730.54,1731.21,310,1,0
2021-03-16 02:15:00,1731.19,1731.47,1730.75,1730.84,275,6,0
2021-03-16 02:30:00,1730.84,1731.69,1730.33,1730.49,587,0,0
2021-03-16 02:45:00,1730.49,1730.73,1730.29,1730.73,276,7,0
2021-03-16 03:00:00,1730.73,1732.01,1730.44,1731.93,562,0,0
2021-03-16 03:15:00,1731.91,1731.91,1730.52,1731.32,548,0,0
2021-03-16 03:30:00,1731.32,1731.81,1730.59,1731.59,481,4,0
2021-03-16 03:45:00,1731.59,1731.92,1730.16,1730.55,679,0,0
2021-03-16 04:00:00,1730.55,1732.83,1729.6,1732.67,1402,0,0
2021-03-16 04:15:00,1732.71,1734.14,1732.25,1732.35,1350,0,0
2021-03-16 04:30:00,1732.41,1733.06,1732.01,1732.16,1151,0,0
2021-03-16 04:45:00,1732.16,1733.5,1731.78,1732.11,1207,0,0
2021-03-16 05:00:00,1732.11,1732.36,1730.08,1730.62,1069,0,0
2021-03-16 05:15:00,1730.58,1732.19,1730.58,1731.88,700,0,0
2021-03-16 05:30:00,1731.88,1732.05,1731.12,1731.39,980,0,0
2021-03-16 05:45:00,1731.36,1732.07,1731.32,1731.81,751,2,0
2021-03-16 06:00:00,1731.85,1732.99,1731.61,1732.39,891,0,0
2021-03-16 06:15:00,1732.38,1733.62,1731.54,1733.52,814,0,0
2021-03-16 06:30:00,1733.52,1733.67,1732.44,1733.36,694,0,0
2021-03-16 06:45:00,1733.35,1733.93,1732.82,1733.59,590,0,0
2021-03-16 07:00:00,1733.62,1734.17,1733.23,1733.47,732,0,0
2021-03-16 07:15:00,1733.47,1733.92,1733.04,1733.69,668,0,0
2021-03-16 07:30:00,1733.64,1735.0,1733.58,1734.18,837,0,0
2021-03-16 07:45:00,1734.18,1734.82,1733.62,1734.16,567,5,0
2021-03-16 08:00:00,1734.16,1734.61,1733.53,1734.24,642,0,0
2021-03-16 08:15:00,1734.24,1735.04,1734.14,1734.4,497,0,0
2021-03-16 08:30:00,1734.47,1736.15,1734.47,1735.71,1012,0,0
2021-03-16 08:45:00,1735.71,1737.21,1735.71,1736.32,978,0,0
2021-03-16 09:00:00,1736.33,1736.77,1735.25,1735.39,869,0,0
2021-03-16 09:15:00,1735.39,1735.65,1733.96,1734.92,972,0,0
2021-03-16 09:30:00,1734.92,1735.65,1733.75,1733.77,866,0,0
2021-03-16 09:45:00,1733.77,1733.79,1730.79,1731.15,1417,0,0
2021-03-16 10:00:00,1731.12,1731.43,1726.17,1729.24,1814,0,0
2021-03-16 10:15:00,1729.24,1729.33,1727.27,1727.54,1586,0,0
2021-03-16 10:30:00,1727.6,1730.38,1727.3,1729.74,1579,0,0
2021-03-16 10:45:00,1729.74,1730.28,1728.61,1730.16,1341,0,0
2021-03-16 11:00:00,1730.16,1730.98,1728.87,1730.62,1603,0,0
2021-03-16 11:15:00,1730.61,1732.67,1730.4,1731.8,1490,0,0
2021-03-16 11:30:00,1731.96,1732.72,1731.44,1731.62,1227,0,0
2021-03-16 11:45:00,1731.66,1732.73,1731.51,1732.41,1296,0,0
2021-03-16 12:00:00,1732.38,1732.43,1730.26,1731.11,1582,0,0
2021-03-16 12:15:00,1731.2,1732.2,1731.0,1731.51,1214,0,0
2021-03-16 12:30:00,1731.51,1733.29,1731.5,1732.47,1472,0,0
2021-03-16 12:45:00,1732.44,1732.9,1731.19,1731.19,1192,0,0
2021-03-16 13:00:00,1731.18,1731.88,1730.88,1731.17,1143,0,0
2021-03-16 13:15:00,1731.16,1732.91,1731.14,1732.74,930,1,0
2021-03-16 13:30:00,1732.72,1733.99,1732.0,1733.61,1435,0,0
2021-03-16 13:45:00,1733.61,1734.83,1733.61,1734.29,1020,0,0
2021-03-16 14:00:00,1734.26,1734.8,1733.77,1734.05,902,0,0
2021-03-16 14:15:00,1734.05,1735.1,1733.8,1733.85,1042,0,0
2021-03-16 14:30:00,1733.86,1734.63,1733.1,1733.86,1278,0,0
2021-03-16 14:45:00,1733.86,1735.69,1730.88,1731.37,1672,0,0
2021-03-16 15:00:00,1731.36,1734.59,1731.17,1734.49,1906,0,0
2021-03-16 15:15:00,1734.49,1735.76,1733.37,1733.64,1609,0,0
2021-03-16 15:30:00,1733.58,1736.14,1730.83,1732.05,2935,0,0
2021-03-16 15:45:00,1732.07,1734.29,1731.04,1732.5,2293,0,0
2021-03-16 16:00:00,1732.47,1734.81,1731.48,1732.56,2515,0,0
2021-03-16 16:15:00,1732.49,1735.03,1731.85,1732.7,2521,0,0
2021-03-16 16:30:00,1732.74,1734.86,1730.28,1734.82,3014,0,0
2021-03-16 16:45:00,1734.82,1735.57,1731.67,1734.45,2964,0,0
2021-03-16 17:00:00,1734.45,1734.96,1732.95,1733.64,2477,0,0
2021-03-16 17:15:00,1733.72,1740.07,1733.31,1739.73,2555,0,0
2021-03-16 17:30:00,1739.73,1741.22,1736.55,1736.83,2688,0,0
2021-03-16 17:45:00,1736.8,1736.87,1732.95,1734.01,2345,0,0
2021-03-16 18:00:00,1734.02,1735.23,1733.24,1734.46,1835,0,0
2021-03-16 18:15:00,1734.46,1734.53,1731.22,1731.74,2171,0,0
2021-03-16 18:30:00,1731.69,1731.81,1727.61,1729.49,2276,0,0
2021-03-16 18:45:00,1729.38,1729.64,1726.72,1728.85,2370,0,0
2021-03-16 19:00:00,1728.88,1729.71,1727.89,1728.57,1619,0,0
2021-03-16 19:15:00,1728.57,1729.67,1727.85,1729.18,1734,0,0
2021-03-16 19:30:00,1729.12,1730.86,1728.74,1730.12,1377,0,0
2021-03-16 19:45:00,1730.12,1731.55,1729.93,1730.54,1534,0,0
2021-03-16 20:00:00,1730.56,1733.3,1730.17,1731.92,2137,0,0
2021-03-16 20:15:00,1731.89,1732.66,1730.7,1732.24,1623,0,0
2021-03-16 20:30:00,1732.24,1732.5,1729.86,1729.86,1739,0,0
2021-03-16 20:45:00,1729.84,1730.25,1728.88,1729.13,1522,0,0
2021-03-16 21:00:00,1729.13,1731.22,1728.94,1730.83,1631,0,0
2021-03-16 21:15:00,1730.8,1731.13,1729.58,1729.76,1336,4,0
2021-03-16 21:30:00,1729.75,1730.52,1729.23,1729.84,1186,0,0
2021-03-16 21:45:00,1729.82,1730.9,1729.74,1730.46,1211,0,0
2021-03-16 22:00:00,1730.46,1731.61,1730.36,1731.03,939,0,0
2021-03-16 22:15:00,1731.03,1732.31,1730.85,1731.62,975,0,0
2021-03-16 22:30:00,1731.75,1733.11,1731.41,1732.03,1069,0,0
2021-03-16 22:45:00,1732.02,1732.83,1730.92,1732.62,1111,0,0
2021-03-16 23:00:00,1732.61,1732.71,1731.25,1731.77,791,0,0
2021-03-16 23:15:00,1731.77,1732.18,1731.73,1731.9,431,3,0
2021-03-16 23:30:00,1731.9,1731.98,1731.28,1731.84,502,6,0
2021-03-16 23:45:00,1731.78,1732.05,1731.31,1731.37,523,0,0
2021-03-17 01:00:00,1731.33,1732.46,1731.33,1731.7,336,0,0
2021-03-17 01:15:00,1731.72,1732.2,1730.46,1730.91,487,1,0
2021-03-17 01:30:00,1730.87,1732.52,1730.76,1732.43,652,0,0
2021-03-17 01:45:00,1732.42,1732.54,1731.21,1731.85,427,0,0
2021-03-17 02:00:00,1731.87,1732.61,1731.32,1731.7,608,0,0
2021-03-17 02:15:00,1731.71,1732.25,1731.33,1731.73,363,0,0
2021-03-17 02:30:00,1731.73,1732.04,1731.27,1731.55,433,0,0
2021-03-17 02:45:00,1731.55,1731.83,1730.93,1731.66,531,0,0
2021-03-17 03:00:00,1731.66,1732.0,1731.03,1731.73,784,0,0
2021-03-17 03:15:00,1731.75,1732.03,1730.57,1731.05,605,0,0
2021-03-17 03:30:00,1731.08,1731.59,1730.59,1731.33,621,0,0
2021-03-17 03:45:00,1731.34,1732.75,1730.93,1732.51,716,0,0
2021-03-17 04:00:00,1732.53,1732.63,1729.66,1731.45,1822,0,0
2021-03-17 04:15:00,1731.45,1732.25,1730.75,1731.42,1297,0,0
2021-03-17 04:30:00,1731.4,1733.51,1730.91,1733.45,1504,0,0
2021-03-17 04:45:00,1733.45,1735.12,1733.15,1733.56,1401,0,0
2021-03-17 05:00:00,1733.59,1734.41,1732.64,1733.11,1004,0,0
2021-03-17 05:15:00,1733.11,1734.29,1733.05,1734.07,713,0,0
2021-03-17 05:30:00,1734.07,1734.76,1733.27,1733.43,1003,0,0
2021-03-17 05:45:00,1733.41,1733.72,1732.18,1733.62,938,0,0
2021-03-17 06:00:00,1733.64,1735.22,1733.52,1734.9,1047,0,0
2021-03-17 06:15:00,1734.87,1735.69,1734.56,1735.65,831,0,0
2021-03-17 06:30:00,1735.65,1735.68,1734.95,1735.27,626,0,0
2021-03-17 06:45:00,1735.25,1736.1,1735.18,1735.92,614,0,0
2021-03-17 07:00:00,1735.89,1736.49,1735.01,1736.29,968,0,0
2021-03-17 07:15:00,1736.27,1737.12,1736.13,1736.96,579,0,0
2021-03-17 07:30:00,1736.95,1737.61,1736.92,1737.02,683,0,0
2021-03-17 07:45:00,1737.0,1737.02,1736.38,1736.89,646,0,0
2021-03-17 08:00:00,1736.84,1737.45,1736.44,1736.57,587,2,0
2021-03-17 08:15:00,1736.61,1736.83,1735.63,1735.94,727,0,0
2021-03-17 08:30:00,1735.94,1737.21,1735.46,1736.36,1332,0,0
2021-03-17 08:45:00,1736.36,1736.36,1735.09,1735.38,1180,0,0
2021-03-17 09:00:00,1735.36,1737.14,1735.22,1736.19,1389,0,0
2021-03-17 09:15:00,1736.19,1737.23,1735.79,1736.72,985,0,0
2021-03-17 09:30:00,1736.69,1737.98,1735.24,1735.62,1321,0,0
2021-03-17 09:45:00,1735.64,1737.21,1735.4,1737.05,1055,0,0
2021-03-17 10:00:00,1737.02,1737.05,1736.35,1736.78,981,0,0
2021-03-17 10:15:00,1736.81,1736.81,1734.2,1734.71,1203,0,0
2021-03-17 10:30:00,1734.75,1735.4,1734.31,1734.38,1108,0,0
2021-03-17 10:45:00,1734.38,1735.87,1734.38,1735.33,1051,0,0
2021-03-17 11:00:00,1735.34,1735.66,1733.51,1734.74,1415,0,0
2021-03-17 11:15:00,1734.76,1736.3,1734.31,1734.69,1133,0,0
2021-03-17 11:30:00,1734.76,1736.01,1734.28,1734.65,1084,0,0
2021-03-17 11:45:00,1734.65,1735.33,1734.2,1734.52,931,0,0
2021-03-17 12:00:00,1734.52,1735.37,1734.13,1734.24,1094,0,0
2021-03-17 12:15:00,1734.26,1737.06,1734.22,1736.48,1500,0,0
2021-03-17 12:30:00,1736.48,1736.82,1735.7,1736.11,1022,0,0
2021-03-17 12:45:00,1736.08,1736.17,1735.17,1736.08,895,0,0
2021-03-17 13:00:00,1736.08,1736.74,1734.69,1734.82,1079,0,0
2021-03-17 13:15:00,1734.79,1736.0,1734.48,1734.48,849,0,0
2021-03-17 13:30:00,1734.48,1737.13,1734.44,1736.39,1128,0,0
2021-03-17 13:45:00,1736.33,1736.5,1734.59,1735.09,816,0,0
2021-03-17 14:00:00,1735.11,1735.25,1730.55,1730.93,1760,0,0
2021-03-17 14:15:00,1730.93,1730.97,1727.95,1727.97,1889,0,0
2021-03-17 14:30:00,1727.97,1729.48,1727.91,1729.03,1286,0,0
2021-03-17 14:45:00,1729.03,1730.11,1727.94,1729.4,1432,0,0
2021-03-17 15:00:00,1729.45,1730.58,1728.21,1730.22,1688,0,0
2021-03-17 15:15:00,1730.22,1731.93,1729.31,1729.33,2013,0,0
2021-03-17 15:30:00,1729.41,1730.94,1728.5,1730.65,2187,0,0
2021-03-17 15:45:00,1730.64,1731.84,1728.79,1729.21,1733,0,0
2021-03-17 16:00:00,1729.2,1731.0,1728.24,1728.41,1855,0,0
2021-03-17 16:15:00,1728.47,1731.96,1728.25,1731.61,2182,0,0
2021-03-17 16:30:00,1731.61,1731.82,1727.94,1730.95,2847,0,0
2021-03-17 16:45:00,1730.93,1731.5,1727.32,1728.3,2324,0,0
2021-03-17 17:00:00,1728.39,1729.73,1724.18,1728.57,2655,0,0
2021-03-17 17:15:00,1728.57,1734.29,1728.57,1733.98,2557,0,0
2021-03-17 17:30:00,1733.91,1734.64,1731.9,1732.05,2321,0,0
2021-03-17 17:45:00,1732.03,1734.25,1731.23,1732.0,2179,0,0
2021-03-17 18:00:00,1732.07,1732.13,1729.51,1729.62,1966,0,0
2021-03-17 18:15:00,1729.63,1730.29,1728.85,1729.68,1403,0,0
2021-03-17 18:30:00,1729.67,1729.87,1727.45,1729.32,1621,0,0
2021-03-17 18:45:00,1729.32,1729.93,1726.87,1727.25,1905,0,0
2021-03-17 19:00:00,1727.25,1727.99,1725.85,1727.1,1489,0,0
2021-03-17 19:15:00,1727.07,1728.3,1726.28,1727.86,1371,0,0
2021-03-17 19:30:00,1727.87,1728.03,1726.63,1727.59,1588,0,0
2021-03-17 19:45:00,1727.59,1728.47,1727.25,1728.0,1187,0,0
2021-03-17 20:00:00,1727.99,1728.31,1726.58,1728.26,1046,0,0
2021-03-17 20:15:00,1728.26,1729.25,1727.22,1728.79,1065,1,0
2021-03-17 20:30:00,1728.79,1729.77,1728.7,1728.87,1111,0,0
2021-03-17 20:45:00,1728.87,1730.2,1728.84,1729.9,970,2,0
2021-03-17 21:00:00,1729.83,1743.49,1729.83,1742.98,3974,0,0
2021-03-17 21:15:00,1742.96,1744.39,1740.21,1742.7,3363,0,0
2021-03-17 21:30:00,1742.75,1748.06,1741.03,1747.65,3141,0,0
2021-03-17 21:45:00,1747.65,1749.92,1745.24,1749.67,2900,0,0
2021-03-17 22:00:00,1749.62,1751.61,1747.71,1748.86,2744,0,0
2021-03-17 22:15:00,1748.89,1750.25,1746.3,1748.04,2311,0,0
2021-03-17 22:30:00,1748.06,1750.13,1746.37,1746.4,2157,0,0
2021-03-17 22:45:00,1746.48,1746.61,1743.49,1745.26,2338,0,0
2021-03-17 23:00:00,1745.14,1745.74,1743.91,1744.47,1079,0,0
2021-03-17 23:15:00,1744.45,1744.96,1743.91,1744.75,450,0,0
2021-03-17 23:30:00,1744.75,1744.93,1743.73,1744.68,357,0,0
2021-03-17 23:45:00,1744.68,1745.3,1743.9,1745.27,592,4,0
2021-03-18 01:00:00,1744.95,1749.43,1744.33,1748.79,849,0,0
2021-03-18 01:15:00,1748.78,1749.61,1748.18,1749.24,365,1,0
2021-03-18 01:30:00,1749.24,1749.62,1748.56,1748.56,568,5,0
2021-03-18 01:45:00,1748.5,1748.5,1746.76,1747.44,525,0,0
2021-03-18 02:00:00,1747.44,1748.68,1746.9,1747.92,461,0,0
2021-03-18 02:15:00,1747.98,1748.79,1747.5,1748.46,586,4,0
2021-03-18 02:30:00,1748.49,1749.25,1747.89,1748.16,519,0,0
2021-03-18 02:45:00,1748.17,1748.89,1747.48,1748.45,591,0,0
2021-03-18 03:00:00,1748.45,1750.42,1747.58,1750.26,1132,0,0
2021-03-18 03:15:00,1750.26,1751.31,1750.08,1750.74,840,4,0
2021-03-18 03:30:00,1750.74,1751.57,1749.94,1750.68,899,2,0
2021-03-18 03:45:00,1750.68,1750.86,1749.42,1749.85,913,2,0
2021-03-18 04:00:00,1749.85,1752.61,1749.04,1750.47,2016,0,0
2021-03-18 04:15:00,1750.47,1753.9,1750.47,1751.58,1835,0,0
2021-03-18 04:30:00,1751.58,1752.48,1750.49,1751.31,1523,0,0
2021-03-18 04:45:00,1751.35,1753.57,1751.23,1753.06,1150,0,0
2021-03-18 05:00:00,1753.09,1753.58,1750.1,1751.05,1187,0,0
2021-03-18 05:15:00,1751.05,1752.42,1750.89,1752.36,589,0,0
2021-03-18 05:30:00,1752.34,1754.81,1752.32,1753.85,1120,0,0
2021-03-18 05:45:00,1753.86,1755.04,1753.64,1754.47,1004,0,0
2021-03-18 06:00:00,1754.45,1755.49,1751.62,1751.8,1868,0,0
2021-03-18 06:15:00,1751.83,1752.24,1749.99,1750.59,1480,0,0
2021-03-18 06:30:00,1750.53,1750.71,1749.13,1750.01,1245,0,0
2021-03-18 06:45:00,1750.01,1750.01,1748.24,1748.96,906,0,0
2021-03-18 07:00:00,1748.98,1750.47,1748.64,1748.75,857,1,0
2021-03-18 07:15:00,1748.69,1748.82,1747.49,1748.3,928,0,0
2021-03-18 07:30:00,1748.3,1749.16,1747.56,1748.92,939,0,0
2021-03-18 07:45:00,1748.92,1750.31,1748.69,1749.98,800,0,0
2021-03-18 08:00:00,1749.98,1750.74,1749.48,1750.55,916,0,0
2021-03-18 08:15:00,1750.55,1751.47,1750.17,1750.51,734,0,0
2021-03-18 08:30:00,1750.51,1752.47,1749.57,1750.18,1444,0,0
2021-03-18 08:45:00,1750.18,1750.87,1749.71,1750.01,1544,0,0
2021-03-18 09:00:00,1750.01,1750.48,1749.07,1750.26,1234,0,0
2021-03-18 09:15:00,1750.24,1751.87,1750.17,1751.55,1082,0,0
2021-03-18 09:30:00,1751.55,1752.43,1750.8,1751.03,1036,0,0
2021-03-18 09:45:00,1751.05,1752.26,1750.67,1750.93,1502,0,0
2021-03-18 10:00:00,1750.93,1752.85,1750.31,1750.98,1562,0,0
2021-03-18 10:15:00,1750.98,1751.26,1741.67,1743.05,2453,0,0
2021-03-18 10:30:00,1743.0,1743.15,1735.49,1736.23,2933,0,0
2021-03-18 10:45:00,1736.22,1740.44,1736.1,1739.48,2374,0,0
2021-03-18 11:00:00,1739.49,1740.86,1737.09,1738.67,2062,0,0
2021-03-18 11:15:00,1738.7,1740.2,1737.96,1738.74,1820,0,0
2021-03-18 11:30:00,1738.74,1739.12,1735.72,1735.78,1688,0,0
2021-03-18 11:45:00,1735.78,1737.29,1732.69,1736.35,2391,0,0
2021-03-18 12:00:00,1736.35,1737.64,1735.04,1736.37,1814,0,0
2021-03-18 12:15:00,1736.41,1739.58,1736.41,1737.35,1559,0,0
2021-03-18 12:30:00,1737.35,1738.73,1737.15,1737.63,1363,0,0
2021-03-18 12:45:00,1737.63,1737.8,1735.09,1736.65,1426,0,0
2021-03-18 13:00:00,1736.65,1737.7,1734.21,1734.25,1533,0,0
2021-03-18 13:15:00,1734.25,1734.77,1732.89,1734.02,1505,0,0
2021-03-18 13:30:00,1734.0,1735.9,1733.24,1735.17,1465,0,0
2021-03-18 13:45:00,1735.17,1735.93,1733.71,1734.07,1538,0,0
2021-03-18 14:00:00,1734.07,1736.04,1733.73,1734.58,1455,0,0
2021-03-18 14:15:00,1734.58,1735.08,1732.39,1732.74,1593,0,0
2021-03-18 14:30:00,1732.74,1732.92,1727.77,1730.34,2264,0,0
2021-03-18 14:45:00,1730.34,1732.22,1730.09,1731.28,1747,0,0
2021-03-18 15:00:00,1731.28,1733.5,1729.81,1729.93,2232,0,0
2021-03-18 15:15:00,1729.87,1730.81,1727.18,1729.01,2413,0,0
2021-03-18 15:30:00,1729.01,1731.97,1726.3,1728.08,3058,0,0
2021-03-18 15:45:00,1728.07,1730.6,1727.43,1729.8,2420,0,0
2021-03-18 16:00:00,1729.8,1730.0,1721.43,1721.88,3128,0,0
2021-03-18 16:15:00,1721.88,1723.95,1719.42,1719.52,2778,0,0
2021-03-18 16:30:00,1719.59,1725.18,1719.22,1724.75,3328,0,0
2021-03-18 16:45:00,1724.81,1724.88,1719.77,1723.01,3144,0,0
2021-03-18 17:00:00,1722.98,1726.2,1721.48,1724.43,3223,0,0
2021-03-18 17:15:00,1724.36,1727.13,1722.29,1724.94,2902,0,0
2021-03-18 17:30:00,1724.95,1728.71,1723.54,1726.17,3008,0,0
2021-03-18 17:45:00,1726.14,1729.45,1725.41,1728.53,2700,0,0
2021-03-18 18:00:00,1728.43,1728.99,1726.71,1727.16,2462,0,0
2021-03-18 18:15:00,1727.16,1729.59,1726.94,1729.53,1950,0,0
2021-03-18 18:30:00,1729.53,1731.21,1728.42,1730.75,2130,0,0
2021-03-18 18:45:00,1730.77,1731.2,1728.94,1730.56,2009,0,0
2021-03-18 19:00:00,1730.56,1735.66,1730.53,1735.53,2501,0,0
2021-03-18 19:15:00,1735.5,1736.16,1734.12,1734.35,2314,0,0
2021-03-18 19:30:00,1734.35,1734.66,1732.51,1732.64,2010,0,0
2021-03-18 19:45:00,1732.68,1732.92,1730.74,1731.13,1961,0,0
2021-03-18 20:00:00,1731.17,1732.45,1730.08,1731.43,1803,0,0
2021-03-18 20:15:00,1731.4,1735.15,1731.14,1734.01,1965,0,0
2021-03-18 20:30:00,1733.94,1734.51,1733.24,1733.68,1173,0,0
2021-03-18 20:45:00,1733.68,1735.2,1732.84,1734.69,971,0,0
2021-03-18 21:00:00,1734.69,1735.32,1734.12,1735.11,1494,0,0
2021-03-18 21:15:00,1735.11,1735.49,1733.57,1734.58,1716,0,0
2021-03-18 21:30:00,1734.58,1735.18,1732.28,1732.78,2110,0,0
2021-03-18 21:45:00,1732.77,1734.99,1732.75,1734.79,2137,0,0
2021-03-18 22:00:00,1734.8,1735.7,1733.14,1734.69,2274,0,0
2021-03-18 22:15:00,1734.69,1737.27,1733.92,1737.05,2031,0,0
2021-03-18 22:30:00,1737.0,1737.12,1734.61,1734.69,1480,0,0
2021-03-18 22:45:00,1734.69,1735.36,1733.1,1734.84,1486,0,0
2021-03-18 23:00:00,1734.76,1736.37,1734.17,1735.93,895,0,0
2021-03-18 23:15:00,1735.91,1736.4,1735.61,1735.81,525,0,0
2021-03-18 23:30:00,1735.81,1736.51,1735.49,1736.34,584,0,0
2021-03-18 23:45:00,1736.34,1736.69,1735.78,1736.32,481,3,0
2021-03-19 01:00:00,1736.09,1737.64,1735.07,1737.25,448,4,0
2021-03-19 01:15:00,1737.25,1737.51,1735.61,1736.08,501,0,0
2021-03-19 01:30:00,1736.07,1737.73,1734.35,1735.99,522,0,0
2021-03-19 01:45:00,1735.92,1737.55,1734.97,1734.97,681,0,0
2021-03-19 02:00:00,1734.97,1735.25,1732.69,1735.16,903,1,0
2021-03-19 02:15:00,1735.16,1736.64,1734.31,1734.55,669,0,0
2021-03-19 02:30:00,1734.55,1734.76,1732.35,1732.89,651,0,0
2021-03-19 02:45:00,1732.89,1735.88,1732.89,1735.21,717,2,0
2021-03-19 03:00:00,1735.18,1735.81,1733.84,1734.04,900,0,0
2021-03-19 03:15:00,1734.02,1734.7,1731.98,1733.53,675,0,0
2021-03-19 03:30:00,1733.49,1733.5,1731.98,1732.42,956,0,0
2021-03-19 03:45:00,1732.42,1732.56,1730.64,1730.75,1120,0,0
2021-03-19 04:00:00,1730.75,1731.57,1728.64,1728.85,2024,0,0
2021-03-19 04:15:00,1728.8,1729.78,1728.51,1728.99,1682,0,0
2021-03-19 04:30:00,1728.97,1730.19,1728.94,1730.0,1542,0,0
2021-03-19 04:45:00,1730.05,1731.34,1729.74,1731.24,1102,2,0
2021-03-19 05:00:00,1731.24,1731.86,1729.03,1729.05,1207,0,0
2021-03-19 05:15:00,1729.05,1730.66,1728.57,1730.36,951,0,0
2021-03-19 05:30:00,1730.36,1731.33,1730.16,1730.42,788,0,0
2021-03-19 05:45:00,1730.46,1731.33,1730.33,1730.95,837,6,0
2021-03-19 06:00:00,1730.92,1732.32,1730.31,1732.14,1130,0,0
2021-03-19 06:15:00,1732.23,1735.02,1732.17,1733.49,1349,0,0
2021-03-19 06:30:00,1733.5,1733.9,1732.2,1733.27,1362,0,0
2021-03-19 06:45:00,1733.24,1733.33,1731.14,1731.67,1323,0,0
2021-03-19 07:00:00,1731.66,1732.56,1731.02,1731.18,1157,0,0
2021-03-19 07:15:00,1731.18,1733.28,1729.99,1733.06,1083,0,0
2021-03-19 07:30:00,1733.05,1733.74,1732.96,1733.32,649,3,0
2021-03-19 07:45:00,1733.31,1734.35,1733.29,1734.12,706,0,0
2021-03-19 08:00:00,1734.04,1734.4,1731.62,1732.51,859,0,0
2021-03-19 08:15:00,1732.51,1732.54,1731.1,1731.54,757,1,0
2021-03-19 08:30:00,1731.48,1733.05,1730.82,1732.77,1276,0,0
2021-03-19 08:45:00,1732.77,1734.77,1732.76,1734.46,1093,0,0
2021-03-19 09:00:00,1734.51,1738.25,1734.09,1738.2,1930,0,0
2021-03-19 09:15:00,1738.2,1743.51,1738.15,1742.61,1982,0,0
2021-03-19 09:30:00,1742.61,1743.18,1739.65,1741.27,1653,0,0
2021-03-19 09:45:00,1741.28,1742.17,1740.18,1740.39,1613,0,0
2021-03-19 10:00:00,1740.38,1741.74,1739.91,1740.85,1608,0,0
2021-03-19 10:15:00,1740.85,1743.29,1740.7,1742.39,1392,0,0
2021-03-19 10:30:00,1742.48,1745.37,1742.48,1744.18,1598,0,0
2021-03-19 10:45:00,1744.21,1744.42,1741.55,1741.72,1439,0,0
2021-03-19 11:00:00,1741.66,1742.4,1738.68,1741.65,2106,0,0
2021-03-19 11:15:00,1741.72,1743.84,1741.3,1742.5,1667,0,0
2021-03-19 11:30:00,1742.5,1743.92,1742.21,1742.67,1802,0,0
2021-03-19 11:45:00,1742.67,1744.21,1742.47,1743.68,1193,0,0
2021-03-19 12:00:00,1743.67,1744.45,1742.66,1742.99,1262,0,0
2021-03-19 12:15:00,1743.01,1744.58,1742.96,1743.21,1279,0,0
2021-03-19 12:30:00,1743.21,1743.32,1740.98,1741.26,1556,0,0
2021-03-19 12:45:00,1741.21,1741.42,1736.78,1736.97,1382,0,0
2021-03-19 13:00:00,1736.98,1737.51,1735.73,1736.8,1408,0,0
2021-03-19 13:15:00,1736.82,1737.46,1736.44,1737.39,1118,0,0
2021-03-19 13:30:00,1737.39,1737.47,1735.07,1736.9,1165,0,0
2021-03-19 13:45:00,1736.89,1738.19,1736.34,1736.92,1060,0,0
2021-03-19 14:00:00,1736.89,1737.59,1735.74,1737.43,1005,0,0
2021-03-19 14:15:00,1737.39,1738.98,1735.0,1738.97,1147,0,0
2021-03-19 14:30:00,1738.97,1742.54,1738.7,1742.22,1322,0,0
2021-03-19 14:45:00,1742.19,1742.62,1740.26,1740.63,1498,0,0
2021-03-19 15:00:00,1740.69,1742.45,1740.55,1742.32,1598,0,0
2021-03-19 15:15:00,1742.33,1743.23,1740.72,1742.32,1933,0,0
2021-03-19 15:30:00,1742.35,1743.69,1738.79,1740.83,2148,0,0
2021-03-19 15:45:00,1740.77,1741.0,1737.63,1739.15,2340,0,0
2021-03-19 16:00:00,1739.11,1740.03,1733.8,1736.3,3636,0,0
2021-03-19 16:15:00,1736.3,1738.11,1734.45,1734.81,2926,0,0
2021-03-19 16:30:00,1734.76,1738.31,1733.28,1734.34,3485,0,0
2021-03-19 16:45:00,1734.32,1736.69,1733.43,1736.06,3231,0,0
2021-03-19 17:00:00,1736.03,1736.73,1734.51,1735.35,2939,0,0
2021-03-19 17:15:00,1735.38,1736.58,1734.54,1734.85,2643,0,0
2021-03-19 17:30:00,1734.92,1738.1,1734.49,1735.83,2484,0,0
2021-03-19 17:45:00,1735.66,1736.75,1734.43,1735.58,2491,0,0
2021-03-19 18:00:00,1735.54,1736.52,1734.4,1735.28,2187,0,0
2021-03-19 18:15:00,1735.35,1736.8,1734.9,1735.72,1980,0,0
2021-03-19 18:30:00,1735.67,1738.29,1734.67,1738.2,1881,0,0
2021-03-19 18:45:00,1738.18,1740.99,1737.91,1740.06,2351,0,0
2021-03-19 19:00:00,1740.03,1740.46,1738.71,1739.98,1976,0,0
2021-03-19 19:15:00,1739.99,1740.72,1739.39,1739.94,1660,0,0
2021-03-19 19:30:00,1739.95,1740.63,1738.43,1739.66,1485,0,0
2021-03-19 19:45:00,1739.68,1742.39,1739.67,1742.33,1534,0,0
2021-03-19 20:00:00,1742.33,1742.47,1740.85,1742.33,1567,0,0
2021-03-19 20:15:00,1742.33,1743.01,1741.42,1742.85,1350,0,0
2021-03-19 20:30:00,1742.87,1743.2,1742.32,1742.71,1181,0,0
2021-03-19 20:45:00,1742.71,1743.44,1742.39,1742.87,1083,0,0
2021-03-19 21:00:00,1742.92,1743.58,1742.38,1743.25,1288,0,0
2021-03-19 21:15:00,1743.33,1743.48,1742.45,1743.23,967,0,0
2021-03-19 21:30:00,1743.21,1743.86,1743.08,1743.49,873,0,0
2021-03-19 21:45:00,1743.48,1744.2,1742.38,1742.49,1130,0,0
2021-03-19 22:00:00,1742.45,1743.08,1742.04,1742.1,1048,0,0
2021-03-19 22:15:00,1742.08,1742.15,1740.48,1741.36,845,0,0
2021-03-19 22:30:00,1741.36,1742.73,1740.71,1742.5,986,0,0
2021-03-19 22:45:00,1742.5,1743.26,1742.16,1742.57,1275,0,0
2021-03-19 23:00:00,1742.49,1742.99,1741.95,1742.1,508,0,0
2021-03-19 23:15:00,1742.1,1743.3,1741.73,1742.8,374,0,0
2021-03-19 23:30:00,1742.78,1745.88,1742.62,1745.69,548,0,0
2021-03-19 23:45:00,1745.63,1746.71,1744.69,1744.89,660,0,0
2021-03-22 01:00:00,1745.18,1746.93,1741.52,1741.75,1261,0,0
2021-03-22 01:15:00,1741.73,1742.33,1739.32,1739.87,875,6,0
2021-03-22 01:30:00,1739.89,1742.23,1739.89,1741.6,704,0,0
2021-03-22 01:45:00,1741.62,1741.73,1738.03,1738.07,728,0,0
2021-03-22 02:00:00,1738.07,1740.82,1737.96,1740.25,751,0,0
2021-03-22 02:15:00,1740.25,1740.36,1738.89,1739.72,493,0,0
2021-03-22 02:30:00,1739.82,1740.05,1738.96,1739.73,471,1,0
2021-03-22 02:45:00,1739.73,1739.73,1737.97,1738.2,531,0,0
2021-03-22 03:00:00,1738.2,1740.96,1737.27,1739.54,1010,0,0
2021-03-22 03:15:00,1739.51,1740.02,1737.83,1739.07,900,0,0
2021-03-22 03:30:00,1739.07,1740.13,1738.75,1739.6,756,0,0
2021-03-22 03:45:00,1739.6,1740.38,1739.04,1739.61,1136,0,0
2021-03-22 04:00:00,1739.61,1739.61,1734.66,1735.47,2455,0,0
2021-03-22 04:15:00,1735.44,1735.79,1732.54,1732.92,1927,0,0
2021-03-22 04:30:00,1732.92,1735.2,1732.52,1735.18,1820,0,0
2021-03-22 04:45:00,1735.19,1736.38,1734.94,1735.45,1705,0,0
2021-03-22 05:00:00,1735.43,1737.01,1735.24,1736.87,1252,2,0
2021-03-22 05:15:00,1736.89,1737.63,1736.15,1736.42,968,0,0
2021-03-22 05:30:00,1736.42,1737.9,1736.38,1736.87,1413,0,0
2021-03-22 05:45:00,1736.87,1739.08,1736.44,1738.93,1002,2,0
2021-03-22 06:00:00,1738.95,1739.43,1738.43,1738.66,1064,0,0
2021-03-22 06:15:00,1738.71,1740.42,1738.64,1739.87,1106,0,0
2021-03-22 06:30:00,1739.87,1741.19,1739.78,1741.14,799,0,0
2021-03-22 06:45:00,1741.14,1741.28,1740.53,1740.67,659,0,0
2021-03-22 07:00:00,1740.69,1740.81,1740.05,1740.58,650,0,0
2021-03-22 07:15:00,1740.58,1741.71,1740.58,1741.38,684,0,0
2021-03-22 07:30:00,1741.38,1742.79,1741.38,1742.28,811,0,0
2021-03-22 07:45:00,1742.28,1743.14,1741.98,1742.66,750,0,0
2021-03-22 08:00:00,1742.66,1742.66,1741.23,1741.59,812,0,0
2021-03-22 08:15:00,1741.6,1741.6,1740.45,1740.51,847,0,0
2021-03-22 08:30:00,1740.51,1740.57,1738.57,1739.01,1432,0,0
2021-03-22 08:45:00,1739.01,1740.29,1736.78,1736.97,1356,0,0
2021-03-22 09:00:00,1737.0,1737.85,1731.38,1732.87,1996,0,0
2021-03-22 09:15:00,1732.83,1733.22,1730.1,1732.28,1912,0,0
2021-03-22 09:30:00,1732.28,1733.12,1729.58,1732.65,1677,0,0
2021-03-22 09:45:00,1732.65,1732.8,1729.93,1730.55,1395,0,0
2021-03-22 10:00:00,1730.55,1730.73,1728.59,1730.46,1823,0,0
2021-03-22 10:15:00,1730.46,1732.37,1730.2,1730.99,1442,0,0
2021-03-22 10:30:00,1731.0,1731.97,1728.99,1729.15,1458,0,0
2021-03-22 10:45:00,1729.15,1729.55,1727.39,1729.3,1693,0,0
2021-03-22 11:00:00,1729.3,1731.67,1728.17,1731.21,1633,0,0
2021-03-22 11:15:00,1731.21,1732.42,1728.74,1730.11,1803,0,0
2021-03-22 11:30:00,1730.11,1731.86,1729.22,1730.69,1674,0,0
2021-03-22 11:45:00,1730.68,1731.35,1729.47,1729.91,1428,0,0
2021-03-22 12:00:00,1729.87,1730.86,1728.98,1729.01,1378,0,0
2021-03-22 12:15:00,1729.01,1729.63,1728.1,1728.5,1573,0,0
2021-03-22 12:30:00,1728.5,1730.88,1728.39,1730.58,1294,0,0
2021-03-22 12:45:00,1730.58,1731.71,1730.13,1731.5,1306,0,0
2021-03-22 13:00:00,1731.52,1732.8,1731.07,1732.72,1437,0,0
2021-03-22 13:15:00,1732.72,1733.72,1732.66,1733.35,1107,0,0
2021-03-22 13:30:00,1733.35,1733.71,1731.26,1732.12,1172,0,0
2021-03-22 13:45:00,1732.14,1733.46,1731.49,1733.37,1290,0,0
2021-03-22 14:00:00,1733.42,1737.34,1733.33,1736.74,2048,0,0
2021-03-22 14:15:00,1736.78,1737.72,1736.29,1737.41,1635,0,0
2021-03-22 14:30:00,1737.41,1739.1,1737.17,1738.11,1865,0,0
2021-03-22 14:45:00,1738.12,1738.83,1736.14,1736.25,1896,0,0
2021-03-22 15:00:00,1736.26,1736.96,1733.44,1734.07,2022,0,0
2021-03-22 15:15:00,1734.07,1734.84,1731.55,1731.91,1733,0,0
2021-03-22 15:30:00,1731.92,1733.73,1730.73,1733.15,1987,0,0
2021-03-22 15:45:00,1733.17,1734.16,1731.43,1732.19,1446,0,0
2021-03-22 16:00:00,1732.17,1733.48,1730.95,1732.13,2091,0,0
2021-03-22 16:15:00,1732.13,1733.09,1730.65,1731.67,1760,0,0
2021-03-22 16:30:00,1731.65,1735.07,1731.26,1732.16,2775,0,0
2021-03-22 16:45:00,1732.16,1735.46,1730.66,1733.22,2467,0,0
2021-03-22 17:00:00,1733.19,1736.03,1732.94,1734.83,2691,0,0
2021-03-22 17:15:00,1734.83,1736.23,1732.91,1736.21,2714,0,0
2021-03-22 17:30:00,1736.24,1736.83,1734.99,1735.46,2401,0,0
2021-03-22 17:45:00,1735.45,1738.4,1735.45,1738.01,2218,0,0
2021-03-22 18:00:00,1738.04,1738.05,1735.3,1735.5,1741,0,0
2021-03-22 18:15:00,1735.49,1736.16,1733.77,1734.2,1636,0,0
2021-03-22 18:30:00,1734.19,1737.91,1733.71,1737.46,2022,0,0
2021-03-22 18:45:00,1737.4,1738.68,1737.14,1738.25,1766,0,0
2021-03-22 19:00:00,1738.3,1738.74,1737.49,1738.21,1521,0,0
2021-03-22 19:15:00,1738.21,1739.88,1737.76,1739.34,1478,0,0
2021-03-22 19:30:00,1739.36,1739.71,1738.42,1739.15,1210,0,0
2021-03-22 19:45:00,1739.15,1740.45,1738.31,1740.38,1377,0,0
2021-03-22 20:00:00,1740.36,1740.62,1738.86,1739.11,1220,0,0
2021-03-22 20:15:00,1739.11,1739.75,1738.81,1738.85,929,0,0
2021-03-22 20:30:00,1738.85,1739.65,1738.02,1739.61,885,0,0
2021-03-22 20:45:00,1739.57,1740.96,1739.55,1740.6,878,0,0
2021-03-22 21:00:00,1740.6,1741.05,1740.24,1740.67,666,0,0
2021-03-22 21:15:00,1740.67,1740.86,1739.71,1740.77,774,0,0
2021-03-22 21:30:00,1740.77,1740.97,1740.43,1740.54,652,0,0
2021-03-22 21:45:00,1740.56,1740.69,1739.23,1739.38,826,0,0
2021-03-22 22:00:00,1739.35,1740.62,1739.29,1740.16,673,0,0
2021-03-22 22:15:00,1740.11,1740.61,1739.51,1739.7,745,0,0
2021-03-22 22:30:00,1739.7,1740.75,1739.47,1739.53,591,0,0
2021-03-22 22:45:00,1739.53,1739.87,1739.27,1739.5,856,0,0
2021-03-22 23:00:00,1739.51,1739.55,1738.47,1739.3,663,0,0
2021-03-22 23:15:00,1739.28,1739.43,1739.08,1739.23,319,5,0
2021-03-22 23:30:00,1739.11,1739.37,1738.46,1738.67,707,1,0
2021-03-22 23:45:00,1738.67,1739.03,1738.1,1738.82,581,3,0
2021-03-23 01:00:00,1738.52,1739.67,1738.52,1739.04,318,0,0
2021-03-23 01:15:00,1739.05,1739.63,1739.05,1739.13,200,6,0
2021-03-23 01:30:00,1739.17,1739.22,1738.36,1739.17,284,6,0
2021-03-23 01:45:00,1739.17,1739.87,1739.17,1739.56,326,11,0
2021-03-23 02:00:00,1739.56,1739.79,1739.1,1739.22,318,5,0
2021-03-23 02:15:00,1739.24,1739.36,1738.87,1738.94,211,1,0
2021-03-23 02:30:00,1739.15,1739.33,1738.58,1738.93,291,0,0
2021-03-23 02:45:00,1738.93,1739.84,1738.68,1739.31,424,7,0
2021-03-23 03:00:00,1739.3,1740.44,1739.0,1740.44,785,0,0
2021-03-23 03:15:00,1740.42,1740.48,1737.03,1737.46,899,0,0
2021-03-23 03:30:00,1737.46,1738.0,1737.26,1737.7,716,0,0
2021-03-23 03:45:00,1737.7,1737.7,1736.49,1737.12,869,0,0
2021-03-23 04:00:00,1737.12,1737.65,1734.49,1734.57,1508,0,0
2021-03-23 04:15:00,1734.64,1735.07,1733.36,1734.4,1453,0,0
2021-03-23 04:30:00,1734.32,1735.7,1733.55,1735.48,1137,0,0
2021-03-23 04:45:00,1735.46,1735.49,1733.04,1733.45,1246,0,0
2021-03-23 05:00:00,1733.45,1733.84,1732.34,1732.9,1365,0,0
2021-03-23 05:15:00,1732.88,1733.37,1731.93,1731.99,1003,0,0
2021-03-23 05:30:00,1731.97,1732.85,1731.01,1732.85,1405,0,0
2021-03-23 05:45:00,1732.85,1734.39,1732.41,1734.36,1310,0,0
2021-03-23 06:00:00,1734.37,1735.1,1733.86,1733.87,984,1,0
2021-03-23 06:15:00,1733.88,1734.48,1733.8,1734.31,1000,5,0
2021-03-23 06:30:00,1734.3,1734.99,1733.79,1734.61,850,0,0
2021-03-23 06:45:00,1734.61,1735.69,1734.48,1735.69,709,0,0
2021-03-23 07:00:00,1735.7,1737.05,1735.49,1736.48,722,0,0
2021-03-23 07:15:00,1736.48,1737.1,1736.44,1736.57,757,0,0
2021-03-23 07:30:00,1736.57,1736.72,1735.35,1735.64,738,0,0
2021-03-23 07:45:00,1735.64,1736.45,1735.57,1735.82,581,0,0
2021-03-23 08:00:00,1735.83,1735.95,1735.2,1735.59,1021,0,0
2021-03-23 08:15:00,1735.57,1736.34,1735.29,1735.67,957,0,0
2021-03-23 08:30:00,1735.7,1738.43,1735.32,1737.74,1411,0,0
2021-03-23 08:45:00,1737.76,1737.96,1737.1,1737.64,1059,0,0
2021-03-23 09:00:00,1737.64,1738.55,1737.03,1737.64,1079,0,0
2021-03-23 09:15:00,1737.64,1739.11,1736.76,1738.71,1176,0,0
2021-03-23 09:30:00,1738.72,1739.54,1737.9,1737.99,1070,0,0
2021-03-23 09:45:00,1737.98,1738.94,1737.55,1738.3,994,0,0
2021-03-23 10:00:00,1738.31,1739.04,1737.06,1738.77,942,0,0
2021-03-23 10:15:00,1738.77,1739.99,1738.65,1739.84,1091,0,0
2021-03-23 10:30:00,1739.84,1739.91,1737.18,1737.74,1505,0,0
2021-03-23 10:45:00,1737.74,1738.01,1736.59,1737.63,1342,0,0
2021-03-23 11:00:00,1737.63,1738.55,1736.28,1737.74,1953,0,0
2021-03-23 11:15:00,1737.75,1740.09,1737.2,1738.98,1654,0,0
2021-03-23 11:30:00,1738.97,1739.13,1737.99,1738.88,1468,0,0
2021-03-23 11:45:00,1739.01,1739.57,1738.7,1739.35,1162,0,0
2021-03-23 12:00:00,1739.35,1740.16,1738.55,1738.84,1213,0,0
2021-03-23 12:15:00,1738.84,1738.98,1737.03,1737.31,1465,0,0
2021-03-23 12:30:00,1737.31,1738.25,1736.22,1737.79,1404,0,0
2021-03-23 12:45:00,1737.79,1738.66,1736.89,1737.98,1532,0,0
2021-03-23 13:00:00,1738.01,1742.56,1737.6,1741.07,2043,0,0
2021-03-23 13:15:00,1741.07,1741.1,1738.33,1739.34,1595,0,0
2021-03-23 13:30:00,1739.34,1739.91,1737.92,1739.59,1353,0,0
2021-03-23 13:45:00,1739.59,1740.92,1738.5,1740.42,1432,0,0
2021-03-23 14:00:00,1740.36,1741.71,1739.72,1741.12,1389,0,0
2021-03-23 14:15:00,1741.15,1741.95,1739.19,1739.4,1300,0,0
2021-03-23 14:30:00,1739.43,1741.15,1739.06,1740.7,1357,0,0
2021-03-23 14:45:00,1740.7,1741.03,1739.0,1739.02,1274,0,0
2021-03-23 15:00:00,1738.99,1740.7,1738.36,1738.52,1544,0,0
2021-03-23 15:15:00,1738.52,1740.26,1737.73,1740.08,1745,0,0
2021-03-23 15:30:00,1740.08,1741.01,1739.31,1739.72,1641,0,0
2021-03-23 15:45:00,1739.85,1740.7,1738.91,1739.29,1508,0,0
2021-03-23 16:00:00,1739.21,1740.16,1734.53,1734.75,2363,0,0
2021-03-23 16:15:00,1734.75,1735.19,1733.03,1734.12,2464,0,0
2021-03-23 16:30:00,1734.12,1734.34,1731.85,1733.71,2682,0,0
2021-03-23 16:45:00,1733.6,1733.77,1727.4,1731.1,2797,0,0
2021-03-23 17:00:00,1731.06,1731.06,1725.83,1727.21,3099,0,0
2021-03-23 17:15:00,1727.21,1729.82,1725.67,1728.5,2449,0,0
2021-03-23 17:30:00,1728.55,1729.68,1727.02,1729.5,2395,0,0
2021-03-23 17:45:00,1729.48,1731.8,1728.9,1729.97,2097,0,0
2021-03-23 18:00:00,1729.98,1729.98,1726.69,1727.14,2261,0,0
2021-03-23 18:15:00,1727.1,1728.81,1726.48,1727.66,1958,0,0
2021-03-23 18:30:00,1727.54,1728.15,1724.98,1727.21,2017,0,0
2021-03-23 18:45:00,1727.23,1730.39,1727.15,1730.28,1647,0,0
2021-03-23 19:00:00,1730.28,1730.28,1727.43,1727.57,1611,0,0
2021-03-23 19:15:00,1727.57,1728.63,1726.86,1726.95,1798,0,0
2021-03-23 19:30:00,1726.95,1728.28,1726.31,1726.67,1631,0,0
2021-03-23 19:45:00,1726.7,1727.8,1726.18,1726.92,1318,0,0
2021-03-23 20:00:00,1726.92,1727.65,1725.73,1726.34,1260,0,0
2021-03-23 20:15:00,1726.29,1728.18,1726.16,1726.53,1580,0,0
2021-03-23 20:30:00,1726.53,1726.68,1724.66,1725.67,1895,0,0
2021-03-23 20:45:00,1725.67,1728.39,1725.64,1727.89,1602,1,0
2021-03-23 21:00:00,1727.92,1728.49,1726.93,1727.99,1564,0,0
2021-03-23 21:15:00,1727.99,1728.49,1726.64,1727.43,1228,0,0
2021-03-23 21:30:00,1727.43,1728.0,1726.33,1727.54,1101,0,0
2021-03-23 21:45:00,1727.55,1727.92,1726.51,1727.05,1253,0,0
2021-03-23 22:00:00,1727.04,1727.32,1726.42,1726.76,1269,0,0
2021-03-23 22:15:00,1726.76,1728.65,1726.63,1728.32,1288,0,0
2021-03-23 22:30:00,1728.31,1728.76,1727.17,1728.0,1255,0,0
2021-03-23 22:45:00,1728.0,1728.69,1726.92,1727.12,1355,0,0
2021-03-23 23:00:00,1727.25,1728.06,1727.18,1727.6,906,0,0
2021-03-23 23:15:00,1727.61,1727.96,1727.34,1727.63,499,0,0
2021-03-23 23:30:00,1727.61,1727.76,1727.37,1727.58,442,0,0
2021-03-23 23:45:00,1727.55,1727.61,1726.56,1726.9,582,0,0
2021-03-24 01:00:00,1727.0,1727.5,1726.94,1727.49,399,0,0
2021-03-24 01:15:00,1727.49,1727.64,1726.77,1727.21,226,0,0
2021-03-24 01:30:00,1727.21,1727.51,1726.73,1727.37,253,11,0
2021-03-24 01:45:00,1727.36,1727.39,1726.78,1726.85,219,17,0
2021-03-24 02:00:00,1726.84,1727.37,1726.74,1726.86,264,0,0
2021-03-24 02:15:00,1726.86,1727.21,1726.25,1727.11,348,4,0
2021-03-24 02:30:00,1727.06,1728.15,1727.06,1728.12,474,6,0
2021-03-24 02:45:00,1728.14,1728.14,1726.2,1727.12,787,0,0
2021-03-24 03:00:00,1727.14,1727.47,1726.23,1726.43,949,0,0
2021-03-24 03:15:00,1726.43,1727.38,1725.76,1726.94,851,0,0
2021-03-24 03:30:00,1726.92,1727.92,1726.31,1727.26,959,0,0
2021-03-24 03:45:00,1727.18,1727.94,1726.59,1727.61,706,0,0
2021-03-24 04:00:00,1727.61,1727.88,1723.9,1727.42,1974,0,0
2021-03-24 04:15:00,1727.42,1728.43,1727.06,1727.88,1348,0,0
2021-03-24 04:30:00,1727.88,1730.55,1727.88,1729.22,1574,0,0
2021-03-24 04:45:00,1729.22,1731.4,1729.09,1730.48,1321,0,0
2021-03-24 05:00:00,1730.48,1731.73,1730.4,1730.85,1379,0,0
2021-03-24 05:15:00,1730.83,1732.39,1730.74,1731.0,1300,0,0
2021-03-24 05:30:00,1731.0,1733.35,1730.42,1733.15,1402,0,0
2021-03-24 05:45:00,1733.13,1734.46,1731.6,1732.09,1677,0,0
2021-03-24 06:00:00,1732.08,1732.63,1731.26,1732.26,1041,0,0
2021-03-24 06:15:00,1732.26,1732.87,1731.72,1732.52,1071,0,0
2021-03-24 06:30:00,1732.54,1732.73,1731.68,1731.83,917,1,0
2021-03-24 06:45:00,1731.84,1732.35,1731.5,1731.79,590,5,0
2021-03-24 07:00:00,1731.75,1732.01,1731.45,1731.69,655,2,0
2021-03-24 07:15:00,1731.77,1733.08,1731.53,1732.82,880,0,0
2021-03-24 07:30:00,1732.83,1733.57,1732.55,1732.75,714,0,0
2021-03-24 07:45:00,1732.75,1733.49,1732.3,1733.49,589,2,0
2021-03-24 08:00:00,1733.47,1733.84,1732.42,1733.62,786,0,0
2021-03-24 08:15:00,1733.64,1733.77,1732.1,1732.11,746,0,0
2021-03-24 08:30:00,1732.14,1733.58,1731.4,1731.98,1138,0,0
2021-03-24 08:45:00,1731.98,1732.66,1731.03,1731.32,1278,0,0
2021-03-24 09:00:00,1731.32,1732.09,1730.5,1730.63,1454,0,0
2021-03-24 09:15:00,1730.64,1730.99,1729.53,1729.79,1246,0,0
2021-03-24 09:30:00,1729.79,1730.97,1729.75,1730.9,1018,0,0
2021-03-24 09:45:00,1730.9,1731.6,1730.83,1731.0,880,0,0
2021-03-24 10:00:00,1730.98,1732.1,1729.57,1729.64,1486,0,0
2021-03-24 10:15:00,1729.64,1730.18,1727.41,1727.89,1317,0,0
2021-03-24 10:30:00,1727.88,1729.34,1727.16,1729.09,1367,0,0
2021-03-24 10:45:00,1729.09,1729.47,1727.88,1728.86,1191,0,0
2021-03-24 11:00:00,1728.86,1729.84,1728.05,1729.03,1652,0,0
2021-03-24 11:15:00,1729.27,1729.89,1728.49,1729.03,1399,0,0
2021-03-24 11:30:00,1729.14,1730.1,1728.17,1729.69,1563,0,0
2021-03-24 11:45:00,1729.67,1731.22,1729.11,1731.09,1333,0,0
2021-03-24 12:00:00,1731.08,1733.26,1730.77,1732.66,1373,0,0
2021-03-24 12:15:00,1732.66,1733.3,1731.64,1732.14,1275,0,0
2021-03-24 12:30:00,1732.33,1734.76,1732.31,1734.03,1334,0,0
2021-03-24 12:45:00,1734.03,1734.91,1733.66,1734.72,1269,0,0
2021-03-24 13:00:00,1734.69,1735.92,1733.07,1733.07,1224,0,0
2021-03-24 13:15:00,1733.1,1734.03,1732.65,1732.7,1149,0,0
2021-03-24 13:30:00,1732.7,1733.91,1731.68,1731.85,912,0,0
2021-03-24 13:45:00,1731.85,1732.16,1730.21,1731.25,995,0,0
2021-03-24 14:00:00,1731.26,1732.07,1730.8,1731.1,1100,0,0
2021-03-24 14:15:00,1731.1,1731.11,1729.39,1730.29,1075,0,0
2021-03-24 14:30:00,1730.29,1730.71,1729.17,1730.1,1052,0,0
2021-03-24 14:45:00,1730.12,1730.9,1729.33,1730.21,1040,0,0
2021-03-24 15:00:00,1730.08,1731.42,1729.77,1730.43,1268,0,0
2021-03-24 15:15:00,1730.43,1732.22,1729.9,1731.73,1284,0,0
2021-03-24 15:30:00,1731.73,1733.29,1731.02,1732.79,1953,0,0
2021-03-24 15:45:00,1732.79,1733.23,1730.55,1732.2,1663,0,0
2021-03-24 16:00:00,1732.18,1734.03,1731.74,1732.77,1975,0,0
2021-03-24 16:15:00,1732.97,1732.97,1730.56,1731.34,1746,0,0
2021-03-24 16:30:00,1731.34,1731.78,1729.75,1731.62,2206,0,0
2021-03-24 16:45:00,1731.68,1732.5,1728.33,1730.19,2475,0,0
2021-03-24 17:00:00,1730.16,1731.47,1729.02,1729.24,2345,0,0
2021-03-24 17:15:00,1729.31,1731.65,1728.33,1731.61,2019,0,0
2021-03-24 17:30:00,1731.58,1731.62,1730.04,1730.57,2007,0,0
2021-03-24 17:45:00,1730.58,1732.59,1729.98,1732.18,1771,0,0
2021-03-24 18:00:00,1732.44,1732.64,1729.24,1730.34,1772,0,0
2021-03-24 18:15:00,1730.35,1730.94,1729.95,1730.9,1274,0,0
2021-03-24 18:30:00,1730.9,1732.2,1730.38,1732.19,1304,0,0
2021-03-24 18:45:00,1732.19,1734.03,1731.98,1733.73,1356,0,0
2021-03-24 19:00:00,1733.73,1738.41,1733.73,1736.73,2113,0,0
2021-03-24 19:15:00,1736.73,1737.16,1736.11,1736.83,1485,0,0
2021-03-24 19:30:00,1736.83,1737.04,1735.3,1735.77,1332,0,0
2021-03-24 19:45:00,1735.77,1736.01,1733.8,1734.16,1569,0,0
2021-03-24 20:00:00,1734.17,1734.48,1732.67,1732.82,1324,0,0
2021-03-24 20:15:00,1732.72,1734.24,1731.91,1733.89,1352,0,0
2021-03-24 20:30:00,1733.9,1735.09,1733.72,1734.05,999,0,0
2021-03-24 20:45:00,1734.05,1735.2,1733.53,1735.12,1084,0,0
2021-03-24 21:00:00,1735.12,1735.68,1734.71,1735.34,1080,0,0
2021-03-24 21:15:00,1735.36,1735.64,1734.7,1734.71,996,0,0
2021-03-24 21:30:00,1734.7,1734.79,1733.44,1733.47,997,3,0
2021-03-24 21:45:00,1733.47,1735.05,1733.42,1734.46,1020,2,0
2021-03-24 22:00:00,1734.46,1734.79,1733.93,1734.49,1033,0,0
2021-03-24 22:15:00,1734.49,1735.02,1734.15,1734.51,860,0,0
2021-03-24 22:30:00,1734.51,1734.74,1733.28,1734.07,987,0,0
2021-03-24 22:45:00,1734.08,1734.33,1732.92,1733.06,1072,0,0
2021-03-24 23:00:00,1733.1,1734.09,1733.09,1733.85,460,0,0
2021-03-24 23:15:00,1733.85,1734.27,1733.71,1734.07,273,3,0
2021-03-24 23:30:00,1734.07,1734.07,1733.24,1733.33,395,1,0
2021-03-24 23:45:00,1733.33,1734.44,1733.25,1734.44,511,0,0
2021-03-25 01:00:00,1734.33,1735.06,1734.24,1734.72,294,1,0
2021-03-25 01:15:00,1734.72,1734.72,1733.48,1734.45,290,4,0
2021-03-25 01:30:00,1734.46,1734.68,1734.18,1734.36,165,0,0
2021-03-25 01:45:00,1734.36,1734.56,1733.88,1733.99,253,0,0
2021-03-25 02:00:00,1734.06,1734.34,1733.8,1733.87,322,0,0
2021-03-25 02:15:00,1733.87,1734.31,1733.7,1734.3,276,3,0
2021-03-25 02:30:00,1734.32,1734.46,1733.71,1734.12,497,0,0
2021-03-25 02:45:00,1734.12,1735.1,1733.87,1734.59,536,0,0
2021-03-25 03:00:00,1734.56,1734.83,1733.88,1734.07,744,0,0
2021-03-25 03:15:00,1734.07,1735.01,1733.41,1733.67,1025,0,0
2021-03-25 03:30:00,1733.67,1734.69,1733.48,1733.87,673,0,0
2021-03-25 03:45:00,1733.85,1734.66,1733.09,1733.88,857,0,0
2021-03-25 04:00:00,1733.94,1734.81,1732.29,1734.1,1513,0,0
2021-03-25 04:15:00,1734.14,1735.22,1733.74,1735.16,1133,0,0
2021-03-25 04:30:00,1735.17,1735.35,1732.86,1734.38,1582,0,0
2021-03-25 04:45:00,1734.38,1734.39,1733.1,1733.15,1383,0,0
2021-03-25 05:00:00,1733.15,1733.28,1731.91,1733.26,1457,0,0
2021-03-25 05:15:00,1733.26,1734.7,1732.94,1734.56,1172,0,0
2021-03-25 05:30:00,1734.62,1734.97,1733.44,1733.44,930,0,0
2021-03-25 05:45:00,1733.44,1735.13,1733.28,1735.13,946,0,0
2021-03-25 06:00:00,1735.22,1737.87,1735.08,1737.83,1200,0,0
2021-03-25 06:15:00,1737.87,1739.15,1737.2,1737.32,1384,0,0
2021-03-25 06:30:00,1737.32,1737.53,1736.35,1736.49,1075,0,0
2021-03-25 06:45:00,1736.49,1737.18,1735.25,1735.29,781,0,0
2021-03-25 07:00:00,1735.29,1735.39,1734.09,1734.42,840,0,0
2021-03-25 07:15:00,1734.43,1735.12,1734.0,1735.03,528,0,0
2021-03-25 07:30:00,1735.05,1735.61,1734.76,1735.2,550,0,0
2021-03-25 07:45:00,1735.2,1735.92,1734.62,1735.63,405,0,0
2021-03-25 08:00:00,1735.63,1735.9,1735.07,1735.86,696,0,0
2021-03-25 08:15:00,1735.87,1737.45,1735.84,1737.22,1052,0,0
2021-03-25 08:30:00,1737.22,1737.81,1735.23,1735.57,1036,0,0
2021-03-25 08:45:00,1735.57,1736.02,1733.87,1734.05,1356,0,0
2021-03-25 09:00:00,1734.05,1735.16,1733.85,1735.03,941,0,0
2021-03-25 09:15:00,1735.03,1735.5,1733.25,1733.72,1024,0,0
2021-03-25 09:30:00,1733.77,1735.19,1733.33,1734.72,1063,0,0
2021-03-25 09:45:00,1734.72,1735.45,1733.42,1733.7,958,0,0
2021-03-25 10:00:00,1733.69,1734.18,1730.71,1731.34,1229,0,0
2021-03-25 10:15:00,1731.37,1733.48,1731.22,1733.24,1102,0,0
2021-03-25 10:30:00,1733.24,1733.87,1732.73,1733.54,897,0,0
2021-03-25 10:45:00,1733.53,1734.64,1732.97,1733.1,1192,0,0
2021-03-25 11:00:00,1733.14,1734.07,1732.16,1732.46,1627,0,0
2021-03-25 11:15:00,1732.47,1733.8,1731.94,1732.76,1378,0,0
2021-03-25 11:30:00,1732.75,1733.43,1731.01,1731.47,1358,0,0
2021-03-25 11:45:00,1731.43,1732.5,1731.2,1732.16,1050,0,0
2021-03-25 12:00:00,1732.19,1732.72,1731.91,1732.35,1095,0,0
2021-03-25 12:15:00,1732.34,1732.62,1731.6,1732.32,982,0,0
2021-03-25 12:30:00,1732.34,1732.69,1731.72,1732.18,979,0,0
2021-03-25 12:45:00,1732.18,1732.5,1731.63,1732.06,920,0,0
2021-03-25 13:00:00,1732.07,1732.45,1731.07,1731.96,941,1,0
2021-03-25 13:15:00,1731.99,1732.31,1731.55,1731.82,798,0,0
2021-03-25 13:30:00,1731.79,1731.79,1730.0,1731.41,1005,0,0
2021-03-25 13:45:00,1731.41,1731.5,1729.88,1731.45,863,0,0
2021-03-25 14:00:00,1731.45,1733.26,1731.37,1732.97,1196,0,0
2021-03-25 14:15:00,1732.97,1733.43,1731.94,1732.01,1011,0,0
2021-03-25 14:30:00,1731.98,1732.1,1729.8,1729.84,1517,0,0
2021-03-25 14:45:00,1729.84,1730.12,1727.68,1728.41,1803,0,0
2021-03-25 15:00:00,1728.41,1729.79,1726.47,1728.11,2123,0,0
2021-03-25 15:15:00,1728.11,1730.67,1726.09,1728.59,2047,0,0
2021-03-25 15:30:00,1728.63,1730.54,1725.31,1725.36,2497,0,0
2021-03-25 15:45:00,1725.23,1730.51,1724.98,1729.99,2181,0,0
2021-03-25 16:00:00,1729.81,1732.01,1728.68,1731.79,2555,0,0
2021-03-25 16:15:00,1731.79,1740.27,1731.59,1739.96,2834,0,0
2021-03-25 16:30:00,1739.95,1745.47,1739.42,1744.35,3316,0,0
2021-03-25 16:45:00,1744.34,1744.8,1736.98,1738.9,3018,0,0
2021-03-25 17:00:00,1738.82,1741.12,1736.89,1740.46,3001,0,0
2021-03-25 17:15:00,1740.45,1740.89,1737.92,1738.84,2751,0,0
2021-03-25 17:30:00,1738.77,1738.81,1733.14,1734.97,2707,0,0
2021-03-25 17:45:00,1734.96,1737.52,1734.56,1736.96,2283,0,0
2021-03-25 18:00:00,1736.95,1737.14,1735.67,1736.88,2218,0,0
2021-03-25 18:15:00,1736.91,1737.52,1734.33,1735.13,2068,0,0
2021-03-25 18:30:00,1735.18,1735.63,1730.62,1731.67,2141,0,0
2021-03-25 18:45:00,1731.67,1732.28,1730.29,1730.85,2250,0,0
2021-03-25 19:00:00,1730.84,1731.95,1730.44,1730.68,1992,0,0
2021-03-25 19:15:00,1730.68,1732.3,1730.41,1731.92,1802,0,0
2021-03-25 19:30:00,1731.92,1732.56,1728.93,1728.95,1722,0,0
2021-03-25 19:45:00,1728.96,1729.31,1727.79,1728.24,1635,0,0
2021-03-25 20:00:00,1728.21,1728.69,1721.76,1728.51,2718,0,0
2021-03-25 20:15:00,1728.46,1728.92,1724.56,1726.78,2269,0,0
2021-03-25 20:30:00,1726.98,1727.46,1723.2,1727.31,1598,0,0
2021-03-25 20:45:00,1727.28,1728.45,1727.0,1727.6,1769,0,0
2021-03-25 21:00:00,1727.62,1729.97,1726.38,1729.88,1647,0,0
2021-03-25 21:15:00,1729.93,1730.29,1727.57,1728.72,1910,0,0
2021-03-25 21:30:00,1728.7,1730.14,1728.41,1729.68,1584,0,0
2021-03-25 21:45:00,1729.68,1730.82,1729.23,1730.65,1472,0,0
2021-03-25 22:00:00,1730.64,1731.25,1729.56,1729.75,1354,2,0
2021-03-25 22:15:00,1729.72,1730.27,1727.56,1727.87,1223,0,0
2021-03-25 22:30:00,1727.88,1727.94,1726.25,1726.7,1097,0,0
2021-03-25 22:45:00,1726.71,1727.58,1726.16,1726.81,1112,0,0
2021-03-25 23:00:00,1726.76,1727.48,1726.35,1727.47,640,0,0
2021-03-25 23:15:00,1727.47,1727.87,1727.15,1727.6,437,0,0
2021-03-25 23:30:00,1727.6,1727.84,1726.97,1726.97,478,0,0
2021-03-25 23:45:00,1726.96,1727.95,1726.37,1726.37,588,0,0
2021-03-26 01:00:00,1726.57,1728.37,1726.57,1728.37,459,3,0
2021-03-26 01:15:00,1728.37,1729.0,1727.7,1728.86,415,0,0
2021-03-26 01:30:00,1728.86,1729.07,1727.46,1728.12,431,0,0
2021-03-26 01:45:00,1728.15,1728.49,1727.56,1727.92,416,0,0
2021-03-26 02:00:00,1727.91,1728.18,1727.28,1727.55,389,0,0
2021-03-26 02:15:00,1727.55,1727.84,1726.86,1726.89,315,3,0
2021-03-26 02:30:00,1726.88,1728.14,1726.48,1727.3,518,0,0
2021-03-26 02:45:00,1727.3,1727.97,1727.14,1727.31,452,7,0
2021-03-26 03:00:00,1727.31,1729.19,1726.94,1728.56,828,3,0
2021-03-26 03:15:00,1728.56,1728.73,1727.01,1727.61,952,8,0
2021-03-26 03:30:00,1727.65,1729.24,1727.64,1727.89,873,2,0
2021-03-26 03:45:00,1727.89,1728.7,1727.53,1728.4,924,4,0
2021-03-26 04:00:00,1728.4,1729.26,1726.22,1727.0,1285,0,0
2021-03-26 04:15:00,1727.0,1727.8,1726.04,1727.73,1013,0,0
2021-03-26 04:30:00,1727.72,1728.89,1727.61,1727.95,1408,0,0
2021-03-26 04:45:00,1727.89,1728.83,1726.63,1728.54,1433,3,0
2021-03-26 05:00:00,1728.52,1729.8,1727.28,1727.37,1292,0,0
2021-03-26 05:15:00,1727.36,1727.67,1725.37,1726.92,1129,0,0
2021-03-26 05:30:00,1726.92,1727.03,1724.82,1724.82,1325,0,0
2021-03-26 05:45:00,1724.82,1725.25,1723.88,1723.88,1204,0,0
2021-03-26 06:00:00,1723.88,1724.78,1723.22,1724.58,1124,0,0
2021-03-26 06:15:00,1724.58,1724.83,1723.75,1724.3,724,0,0
2021-03-26 06:30:00,1724.3,1724.34,1723.64,1723.95,432,0,0
2021-03-26 06:45:00,1723.94,1725.16,1723.91,1724.9,1021,0,0
2021-03-26 07:00:00,1724.87,1724.9,1723.97,1724.1,516,0,0
2021-03-26 07:15:00,1724.04,1725.89,1723.86,1725.89,526,0,0
2021-03-26 07:30:00,1725.91,1726.15,1725.4,1725.74,492,0,0
2021-03-26 07:45:00,1725.74,1726.4,1725.54,1726.35,552,3,0
2021-03-26 08:00:00,1726.35,1727.34,1725.82,1726.4,784,0,0
2021-03-26 08:15:00,1726.4,1727.14,1725.83,1726.84,935,0,0
2021-03-26 08:30:00,1726.84,1729.22,1726.77,1728.65,1339,0,0
2021-03-26 08:45:00,1728.65,1728.74,1727.42,1728.02,1014,2,0
2021-03-26 09:00:00,1727.97,1728.34,1726.79,1727.95,1042,0,0
2021-03-26 09:15:00,1727.94,1729.13,1727.17,1729.01,856,0,0
2021-03-26 09:30:00,1729.01,1729.65,1727.89,1728.98,1217,0,0
2021-03-26 09:45:00,1728.98,1729.33,1727.85,1728.21,1025,0,0
2021-03-26 10:00:00,1728.21,1728.64,1727.13,1727.52,1068,0,0
2021-03-26 10:15:00,1727.43,1728.65,1727.15,1728.08,1258,0,0
2021-03-26 10:30:00,1728.08,1728.64,1727.48,1727.75,991,0,0
2021-03-26 10:45:00,1727.75,1727.76,1725.72,1727.45,1448,0,0
2021-03-26 11:00:00,1727.42,1727.42,1725.41,1726.74,1429,0,0
2021-03-26 11:15:00,1726.75,1729.05,1726.46,1727.4,1389,0,0
2021-03-26 11:30:00,1727.4,1728.59,1726.94,1728.07,1098,0,0
2021-03-26 11:45:00,1728.13,1728.65,1727.57,1727.81,1033,0,0
2021-03-26 12:00:00,1727.81,1728.61,1727.06,1727.52,1372,0,0
2021-03-26 12:15:00,1727.48,1727.95,1726.78,1726.89,1034,0,0
2021-03-26 12:30:00,1726.9,1731.35,1726.78,1731.27,1221,0,0
2021-03-26 12:45:00,1731.28,1732.01,1729.96,1730.14,1130,0,0
2021-03-26 13:00:00,1730.15,1730.39,1728.38,1728.42,1020,0,0
2021-03-26 13:15:00,1728.42,1728.9,1727.58,1727.71,1001,0,0
2021-03-26 13:30:00,1727.71,1728.09,1725.66,1727.76,1401,0,0
2021-03-26 13:45:00,1727.71,1727.71,1725.11,1725.74,1182,0,0
2021-03-26 14:00:00,1725.72,1726.16,1723.91,1724.05,1307,0,0
2021-03-26 14:15:00,1724.03,1724.68,1721.82,1721.85,1325,0,0
2021-03-26 14:30:00,1721.74,1724.92,1721.59,1724.53,1345,0,0
2021-03-26 14:45:00,1724.53,1725.95,1723.8,1725.12,1048,0,0
2021-03-26 15:00:00,1725.11,1726.48,1723.97,1726.11,1399,0,0
2021-03-26 15:15:00,1726.09,1726.73,1724.9,1724.93,1397,0,0
2021-03-26 15:30:00,1724.94,1728.9,1724.76,1727.28,2246,0,0
2021-03-26 15:45:00,1727.28,1727.79,1724.3,1724.88,1690,0,0
2021-03-26 16:00:00,1724.85,1726.48,1724.22,1725.06,2257,0,0
2021-03-26 16:15:00,1725.04,1726.7,1724.63,1725.91,1896,0,0
2021-03-26 16:30:00,1725.92,1728.13,1725.33,1726.88,2554,0,0
2021-03-26 16:45:00,1726.88,1728.87,1725.9,1728.74,2546,0,0
2021-03-26 17:00:00,1728.74,1730.8,1728.63,1729.56,2326,0,0
2021-03-26 17:15:00,1729.56,1731.35,1729.42,1729.83,2017,0,0
2021-03-26 17:30:00,1729.9,1730.14,1728.3,1729.21,1911,0,0
2021-03-26 17:45:00,1729.21,1732.39,1729.14,1731.16,1882,0,0
2021-03-26 18:00:00,1731.2,1735.76,1731.2,1735.13,2318,0,0
2021-03-26 18:15:00,1735.15,1736.72,1732.2,1732.42,1917,0,0
2021-03-26 18:30:00,1732.42,1732.87,1730.98,1731.72,1574,0,0
2021-03-26 18:45:00,1731.71,1734.25,1731.66,1733.98,1551,0,0
2021-03-26 19:00:00,1734.04,1734.6,1733.06,1733.16,1203,2,0
2021-03-26 19:15:00,1733.19,1733.93,1732.26,1733.0,1082,0,0
2021-03-26 19:30:00,1733.0,1733.59,1732.42,1732.63,1225,0,0
2021-03-26 19:45:00,1732.67,1733.65,1732.14,1732.3,1298,0,0
2021-03-26 20:00:00,1732.3,1733.78,1732.23,1733.58,1022,0,0
2021-03-26 20:15:00,1733.55,1734.0,1732.94,1733.99,952,0,0
2021-03-26 20:30:00,1733.99,1734.28,1732.47,1732.53,969,0,0
2021-03-26 20:45:00,1732.53,1732.53,1730.8,1731.81,1258,0,0
2021-03-26 21:00:00,1731.81,1732.47,1730.69,1730.76,1202,2,0
2021-03-26 21:15:00,1730.74,1731.6,1730.21,1731.5,1254,2,0
2021-03-26 21:30:00,1731.5,1731.95,1731.31,1731.78,1303,1,0
2021-03-26 21:45:00,1731.77,1732.13,1731.13,1731.38,1113,1,0
2021-03-26 22:00:00,1731.43,1731.69,1730.78,1731.66,973,3,0
2021-03-26 22:15:00,1731.67,1732.68,1731.61,1732.51,1013,0,0
2021-03-26 22:30:00,1732.51,1732.62,1731.89,1732.01,637,1,0
2021-03-26 22:45:00,1732.01,1732.13,1730.92,1731.77,961,1,0
2021-03-26 23:00:00,1731.73,1732.49,1731.54,1732.4,393,0,0
2021-03-26 23:15:00,1732.4,1732.63,1731.78,1732.41,366,0,0
2021-03-26 23:30:00,1732.35,1732.63,1731.88,1732.08,237,0,0
2021-03-26 23:45:00,1732.08,1732.88,1732.0,1732.11,464,4,0
2021-03-29 01:00:00,1730.97,1733.13,1730.0,1731.89,716,0,0
2021-03-29 01:15:00,1731.89,1732.54,1731.29,1732.31,284,1,0
2021-03-29 01:30:00,1732.31,1732.44,1731.3,1731.72,436,0,0
2021-03-29 01:45:00,1731.73,1732.13,1731.02,1731.15,302,5,0
2021-03-29 02:00:00,1731.15,1731.73,1730.72,1731.31,250,5,0
2021-03-29 02:15:00,1731.31,1731.76,1731.15,1731.24,222,6,0
2021-03-29 02:30:00,1731.24,1731.82,1730.75,1731.03,480,5,0
2021-03-29 02:45:00,1731.03,1731.61,1730.6,1731.08,375,5,0
2021-03-29 03:00:00,1731.05,1731.68,1730.48,1731.43,620,0,0
2021-03-29 03:15:00,1731.43,1732.61,1731.07,1732.35,655,0,0
2021-03-29 03:30:00,1732.35,1732.41,1731.08,1731.21,755,0,0
2021-03-29 03:45:00,1731.15,1731.77,1730.15,1731.23,804,0,0
2021-03-29 04:00:00,1731.21,1731.25,1727.39,1727.58,1711,0,0
2021-03-29 04:15:00,1727.58,1728.46,1726.34,1727.96,1156,0,0
2021-03-29 04:30:00,1727.96,1730.3,1727.87,1730.24,1100,0,0
2021-03-29 04:45:00,1730.24,1731.9,1729.99,1731.63,969,0,0
2021-03-29 05:00:00,1731.62,1732.71,1730.35,1732.3,1042,0,0
2021-03-29 05:15:00,1732.31,1732.56,1731.47,1732.05,637,0,0
2021-03-29 05:30:00,1732.09,1732.87,1731.45,1731.61,897,0,0
2021-03-29 05:45:00,1731.59,1732.02,1730.3,1731.88,967,0,0
2021-03-29 06:00:00,1731.87,1732.18,1730.58,1730.74,938,0,0
2021-03-29 06:15:00,1730.71,1731.06,1729.75,1729.98,1351,0,0
2021-03-29 06:30:00,1729.98,1731.07,1729.96,1730.17,510,0,0
2021-03-29 06:45:00,1730.17,1730.41,1729.24,1729.38,624,2,0
2021-03-29 07:00:00,1729.38,1729.78,1728.81,1729.17,419,0,0
2021-03-29 07:15:00,1729.17,1729.79,1728.98,1729.51,373,3,0
2021-03-29 07:30:00,1729.52,1729.57,1727.77,1728.07,688,1,0
2021-03-29 07:45:00,1728.07,1728.62,1727.57,1727.86,535,4,0
2021-03-29 08:00:00,1727.91,1728.02,1726.97,1727.69,955,0,0
2021-03-29 08:15:00,1727.69,1728.95,1727.42,1727.45,831,0,0
2021-03-29 08:30:00,1727.42,1728.75,1726.18,1727.52,1515,0,0
2021-03-29 08:45:00,1727.52,1729.2,1726.49,1728.59,1273,0,0
2021-03-29 09:00:00,1728.55,1728.88,1725.91,1726.37,1643,0,0
2021-03-29 09:15:00,1726.37,1727.09,1725.92,1726.47,1169,0,0
2021-03-29 09:30:00,1726.47,1727.17,1725.11,1727.16,1455,1,0
2021-03-29 09:45:00,1727.16,1727.5,1725.08,1725.33,1266,0,0
2021-03-29 10:00:00,1725.33,1727.33,1724.95,1726.95,1360,0,0
2021-03-29 10:15:00,1726.93,1727.12,1725.81,1727.02,1226,0,0
2021-03-29 10:30:00,1727.02,1728.17,1726.25,1726.77,943,0,0
2021-03-29 10:45:00,1726.77,1726.9,1725.58,1726.29,1219,0,0
2021-03-29 11:00:00,1726.34,1726.98,1725.11,1725.18,1318,0,0
2021-03-29 11:15:00,1725.18,1725.9,1723.78,1725.76,1353,0,0
2021-03-29 11:30:00,1725.73,1726.09,1725.08,1725.5,1312,0,0
2021-03-29 11:45:00,1725.5,1725.83,1724.75,1724.83,1149,0,0
2021-03-29 12:00:00,1724.82,1725.67,1724.39,1725.63,818,0,0
2021-03-29 12:15:00,1725.63,1725.93,1724.55,1725.18,999,0,0
2021-03-29 12:30:00,1725.13,1725.42,1723.96,1725.24,904,0,0
2021-03-29 12:45:00,1725.24,1725.26,1724.52,1724.69,891,0,0
2021-03-29 13:00:00,1724.69,1725.25,1723.89,1724.84,801,0,0
2021-03-29 13:15:00,1724.82,1726.86,1724.78,1726.32,811,0,0
2021-03-29 13:30:00,1726.3,1727.0,1725.8,1726.65,821,3,0
2021-03-29 13:45:00,1726.66,1728.22,1726.56,1727.03,1007,0,0
2021-03-29 14:00:00,1727.14,1727.14,1726.13,1726.6,1283,0,0
2021-03-29 14:15:00,1726.61,1727.49,1725.52,1726.13,705,0,0
2021-03-29 14:30:00,1726.13,1727.44,1726.11,1726.29,893,0,0
2021-03-29 14:45:00,1726.28,1726.62,1725.09,1726.16,699,0,0
2021-03-29 15:00:00,1726.23,1726.29,1724.29,1725.3,1247,0,0
2021-03-29 15:15:00,1725.35,1728.02,1723.61,1725.86,1617,0,0
2021-03-29 15:30:00,1725.84,1726.14,1724.47,1725.02,1496,0,0
2021-03-29 15:45:00,1725.02,1725.02,1721.96,1723.93,1711,0,0
2021-03-29 16:00:00,1723.84,1726.31,1721.75,1724.4,1977,0,0
2021-03-29 16:15:00,1724.42,1725.08,1723.16,1723.28,1598,0,0
2021-03-29 16:30:00,1723.24,1723.89,1711.15,1711.18,3363,0,0
2021-03-29 16:45:00,1711.14,1711.73,1706.14,1711.22,3240,0,0
2021-03-29 17:00:00,1711.22,1711.22,1705.72,1709.33,2948,0,0
2021-03-29 17:15:00,1709.22,1709.22,1706.67,1708.09,2670,0,0
2021-03-29 17:30:00,1708.09,1712.68,1707.02,1711.04,2471,0,0
2021-03-29 17:45:00,1711.04,1712.36,1710.49,1711.01,2232,0,0
2021-03-29 18:00:00,1710.91,1712.04,1708.65,1710.98,2154,0,0
2021-03-29 18:15:00,1710.94,1711.92,1710.08,1711.6,1718,0,0
2021-03-29 18:30:00,1711.6,1712.36,1710.68,1711.17,1440,0,0
2021-03-29 18:45:00,1711.17,1712.31,1711.01,1711.69,1307,0,0
2021-03-29 19:00:00,1711.69,1714.28,1711.46,1713.62,1254,0,0
2021-03-29 19:15:00,1713.58,1714.29,1713.18,1713.81,931,0,0
2021-03-29 19:30:00,1713.81,1714.96,1713.33,1714.59,974,0,0
2021-03-29 19:45:00,1714.58,1715.84,1713.08,1713.25,1303,0,0
2021-03-29 20:00:00,1713.25,1714.0,1712.84,1713.86,1353,0,0
2021-03-29 20:15:00,1713.89,1714.55,1713.03,1713.78,1261,0,0
2021-03-29 20:30:00,1713.78,1713.92,1712.65,1713.1,1103,0,0
2021-03-29 20:45:00,1713.17,1714.04,1711.6,1711.63,867,0,0
2021-03-29 21:00:00,1711.63,1711.71,1709.94,1710.91,1058,0,0
2021-03-29 21:15:00,1710.91,1710.93,1709.94,1710.45,942,0,0
2021-03-29 21:30:00,1710.43,1710.77,1709.75,1710.0,770,2,0
2021-03-29 21:45:00,1710.02,1711.13,1709.94,1710.56,1188,3,0
2021-03-29 22:00:00,1710.59,1711.36,1710.27,1710.8,993,6,0
2021-03-29 22:15:00,1710.73,1711.13,1710.12,1710.37,847,0,0
2021-03-29 22:30:00,1710.37,1711.63,1710.13,1711.41,914,0,0
2021-03-29 22:45:00,1711.41,1711.72,1710.5,1711.45,1255,0,0
2021-03-29 23:00:00,1711.45,1711.64,1710.91,1710.91,413,6,0
2021-03-29 23:15:00,1710.91,1711.72,1710.8,1710.84,230,2,0
2021-03-29 23:30:00,1711.16,1711.61,1710.35,1711.58,302,0,0
2021-03-29 23:45:00,1711.54,1712.29,1711.54,1711.94,283,0,0
2021-03-30 01:00:00,1712.07,1713.05,1711.84,1712.81,404,1,0
2021-03-30 01:15:00,1712.79,1712.99,1712.34,1712.76,304,6,0
2021-03-30 01:30:00,1712.76,1713.12,1712.27,1712.46,298,4,0
2021-03-30 01:45:00,1712.46,1713.0,1711.66,1711.69,363,0,0
2021-03-30 02:00:00,1711.69,1712.14,1710.98,1711.94,387,0,0
2021-03-30 02:15:00,1711.98,1712.06,1711.42,1711.44,326,0,0
2021-03-30 02:30:00,1711.44,1712.69,1710.58,1710.58,778,0,0
2021-03-30 02:45:00,1710.68,1711.97,1710.68,1711.97,434,4,0
2021-03-30 03:00:00,1711.97,1712.03,1710.8,1711.05,823,0,0
2021-03-30 03:15:00,1711.05,1713.02,1710.86,1712.69,622,4,0
2021-03-30 03:30:00,1712.63,1714.0,1712.37,1714.0,555,4,0
2021-03-30 03:45:00,1714.0,1714.19,1712.83,1713.18,913,0,0
2021-03-30 04:00:00,1713.16,1714.41,1712.22,1713.06,1419,0,0
2021-03-30 04:15:00,1713.06,1713.06,1710.24,1710.39,1305,0,0
2021-03-30 04:30:00,1710.41,1710.68,1708.74,1710.49,1296,0,0
2021-03-30 04:45:00,1710.45,1711.02,1709.44,1710.29,1350,0,0
2021-03-30 05:00:00,1710.29,1710.68,1709.14,1709.24,901,0,0
2021-03-30 05:15:00,1709.24,1709.57,1708.42,1708.75,770,0,0
2021-03-30 05:30:00,1708.74,1708.98,1706.92,1706.93,1456,0,0
2021-03-30 05:45:00,1706.92,1707.23,1704.68,1706.11,1287,0,0
2021-03-30 06:00:00,1706.1,1707.74,1705.85,1707.32,1069,0,0
2021-03-30 06:15:00,1707.33,1707.91,1706.22,1706.39,1091,2,0
2021-03-30 06:30:00,1706.39,1708.0,1706.39,1708.0,596,0,0
2021-03-30 06:45:00,1708.0,1708.17,1706.96,1707.41,659,0,0
2021-03-30 07:00:00,1707.41,1708.02,1707.02,1707.02,576,0,0
2021-03-30 07:15:00,1706.96,1707.54,1706.1,1706.92,669,0,0
2021-03-30 07:30:00,1706.94,1707.74,1706.18,1707.34,560,0,0
2021-03-30 07:45:00,1707.32,1707.96,1706.57,1707.8,706,0,0
2021-03-30 08:00:00,1707.8,1708.21,1706.96,1707.07,697,2,0
2021-03-30 08:15:00,1707.07,1707.22,1706.38,1707.12,556,0,0
2021-03-30 08:30:00,1707.12,1707.54,1704.59,1705.01,1428,0,0
2021-03-30 08:45:00,1705.01,1706.17,1704.69,1705.16,1164,0,0
2021-03-30 09:00:00,1705.07,1708.14,1703.56,1707.97,1832,0,0
2021-03-30 09:15:00,1707.95,1708.51,1705.46,1706.34,2164,0,0
2021-03-30 09:30:00,1706.32,1706.55,1703.81,1704.38,1701,0,0
2021-03-30 09:45:00,1704.34,1704.94,1702.18,1703.1,1960,0,0
2021-03-30 10:00:00,1703.11,1705.03,1701.65,1704.99,1851,0,0
2021-03-30 10:15:00,1704.82,1705.08,1701.18,1701.24,1745,0,0
2021-03-30 10:30:00,1701.22,1702.38,1697.27,1697.63,2322,0,0
2021-03-30 10:45:00,1697.61,1697.64,1695.43,1697.46,2295,0,0
2021-03-30 11:00:00,1697.35,1699.76,1696.2,1699.18,1975,0,0
2021-03-30 11:15:00,1699.16,1700.66,1697.94,1699.74,1658,0,0
2021-03-30 11:30:00,1699.73,1699.89,1698.63,1699.05,1426,0,0
2021-03-30 11:45:00,1699.06,1699.66,1697.61,1698.07,1454,0,0
2021-03-30 12:00:00,1698.07,1700.91,1697.18,1700.0,1437,0,0
2021-03-30 12:15:00,1700.0,1700.26,1698.55,1698.65,943,0,0
2021-03-30 12:30:00,1698.7,1698.7,1696.61,1697.28,1257,0,0
2021-03-30 12:45:00,1697.28,1697.58,1696.1,1696.26,1007,0,0
2021-03-30 13:00:00,1696.28,1696.67,1694.68,1695.94,1281,0,0
2021-03-30 13:15:00,1695.94,1696.69,1695.28,1696.32,1248,0,0
2021-03-30 13:30:00,1696.29,1696.39,1695.04,1695.66,1221,0,0
2021-03-30 13:45:00,1695.61,1695.97,1692.92,1693.23,1719,0,0
2021-03-30 14:00:00,1693.21,1693.42,1690.78,1693.19,1987,0,0
2021-03-30 14:15:00,1693.15,1693.55,1688.38,1689.56,2110,0,0
2021-03-30 14:30:00,1689.54,1691.05,1687.47,1689.55,2031,0,0
2021-03-30 14:45:00,1689.55,1689.73,1686.27,1688.38,2116,0,0
2021-03-30 15:00:00,1688.37,1690.51,1688.03,1689.42,2353,0,0
2021-03-30 15:15:00,1689.42,1689.93,1683.11,1683.79,2414,0,0
2021-03-30 15:30:00,1683.8,1684.48,1678.75,1679.1,3202,0,0
2021-03-30 15:45:00,1679.05,1684.16,1678.84,1683.73,2844,0,0
2021-03-30 16:00:00,1683.76,1685.87,1682.57,1685.86,2862,0,0
2021-03-30 16:15:00,1685.9,1688.2,1684.84,1685.74,2718,0,0
2021-03-30 16:30:00,1685.78,1686.39,1681.6,1684.39,3259,0,0
2021-03-30 16:45:00,1684.41,1688.49,1683.86,1688.17,2929,0,0
2021-03-30 17:00:00,1688.17,1688.17,1681.98,1682.32,3125,0,0
2021-03-30 17:15:00,1682.32,1686.38,1682.32,1686.2,2670,0,0
2021-03-30 17:30:00,1686.23,1687.77,1683.9,1686.4,2332,0,0
2021-03-30 17:45:00,1686.45,1686.77,1682.07,1684.29,2415,0,0
2021-03-30 18:00:00,1684.23,1686.68,1683.47,1685.66,2265,0,0
2021-03-30 18:15:00,1685.66,1685.99,1683.54,1683.85,1973,0,0
2021-03-30 18:30:00,1683.84,1685.96,1682.88,1685.54,2194,0,0
2021-03-30 18:45:00,1685.53,1687.61,1685.25,1686.95,2001,0,0
2021-03-30 19:00:00,1686.94,1687.18,1684.83,1685.41,1931,0,0
2021-03-30 19:15:00,1685.4,1685.55,1683.82,1684.74,1780,0,0
2021-03-30 19:30:00,1684.72,1685.93,1684.26,1685.54,1669,3,0
2021-03-30 19:45:00,1685.53,1686.12,1684.9,1685.51,1542,0,0
2021-03-30 20:00:00,1685.51,1686.22,1685.01,1685.95,1701,0,0
2021-03-30 20:15:00,1685.95,1686.67,1685.09,1685.67,1638,0,0
2021-03-30 20:30:00,1685.73,1686.06,1684.54,1684.63,1287,4,0
2021-03-30 20:45:00,1684.62,1685.04,1684.07,1684.11,1228,7,0
2021-03-30 21:00:00,1684.21,1684.66,1683.74,1683.96,1140,3,0
2021-03-30 21:15:00,1683.95,1684.63,1682.13,1682.28,1399,0,0
2021-03-30 21:30:00,1682.28,1682.73,1681.67,1682.11,1497,0,0
2021-03-30 21:45:00,1682.11,1682.87,1681.62,1681.67,1426,0,0
2021-03-30 22:00:00,1681.7,1683.16,1681.57,1683.09,1369,0,0
2021-03-30 22:15:00,1683.06,1683.93,1682.82,1683.1,941,0,0
2021-03-30 22:30:00,1683.09,1684.14,1682.97,1683.99,881,0,0
2021-03-30 22:45:00,1683.99,1684.33,1681.93,1682.19,984,3,0
2021-03-30 23:00:00,1682.43,1683.22,1682.24,1682.88,777,0,0
2021-03-30 23:15:00,1682.88,1683.16,1682.54,1683.15,341,4,0
2021-03-30 23:30:00,1683.16,1684.34,1682.89,1684.26,661,0,0
2021-03-30 23:45:00,1684.25,1685.25,1683.8,1684.83,669,0,0
2021-03-31 01:00:00,1684.76,1685.42,1684.42,1684.94,670,7,0
2021-03-31 01:15:00,1684.95,1685.0,1683.26,1684.01,633,4,0
2021-03-31 01:30:00,1683.98,1685.85,1682.78,1684.97,920,0,0
2021-03-31 01:45:00,1684.98,1685.17,1682.99,1683.4,617,0,0
2021-03-31 02:00:00,1683.4,1684.79,1682.93,1683.7,571,0,0
2021-03-31 02:15:00,1683.68,1684.93,1683.68,1684.89,516,3,0
2021-03-31 02:30:00,1684.89,1685.25,1684.14,1685.15,661,0,0
2021-03-31 02:45:00,1685.1,1685.57,1684.96,1685.49,563,0,0
2021-03-31 03:00:00,1685.52,1685.95,1683.95,1684.09,794,6,0
2021-03-31 03:15:00,1684.09,1685.21,1683.65,1684.45,530,0,0
2021-03-31 03:30:00,1684.45,1686.41,1684.04,1684.8,1253,4,0
2021-03-31 03:45:00,1684.8,1685.15,1683.47,1684.13,1171,2,0
2021-03-31 04:00:00,1684.17,1686.36,1683.18,1685.15,1733,0,0
2021-03-31 04:15:00,1685.18,1685.69,1683.22,1683.59,1549,3,0
2021-03-31 04:30:00,1683.58,1683.58,1679.74,1679.82,2320,0,0
2021-03-31 04:45:00,1679.78,1682.64,1678.62,1682.27,1921,2,0
2021-03-31 05:00:00,1682.21,1683.01,1681.27,1682.11,1466,0,0
2021-03-31 05:15:00,1682.11,1682.68,1681.02,1681.17,902,2,0
2021-03-31 05:30:00,1681.16,1681.45,1679.03,1680.45,1567,2,0
2021-03-31 05:45:00,1680.45,1680.72,1677.88,1678.29,1677,0,0
2021-03-31 06:00:00,1678.3,1680.11,1677.94,1679.88,1789,0,0
2021-03-31 06:15:00,1679.9,1680.67,1678.13,1679.79,1824,0,0
2021-03-31 06:30:00,1679.8,1679.83,1678.54,1679.77,1001,0,0
2021-03-31 06:45:00,1679.78,1679.87,1679.27,1679.44,724,6,0
2021-03-31 07:00:00,1679.41,1679.87,1678.64,1679.75,738,1,0
2021-03-31 07:15:00,1679.79,1679.93,1678.91,1679.18,566,2,0
2021-03-31 07:30:00,1679.18,1680.38,1679.05,1680.27,620,0,0
2021-03-31 07:45:00,1680.25,1680.45,1679.21,1679.39,653,5,0
2021-03-31 08:00:00,1679.32,1679.88,1678.56,1678.81,827,0,0
2021-03-31 08:15:00,1678.81,1680.68,1678.81,1680.65,788,1,0
2021-03-31 08:30:00,1680.65,1682.74,1680.43,1681.15,1630,5,0
2021-03-31 08:45:00,1681.15,1683.79,1681.11,1683.66,1412,1,0
2021-03-31 09:00:00,1683.65,1683.9,1681.79,1683.39,1562,1,0
2021-03-31 09:15:00,1683.33,1685.25,1683.2,1684.88,1629,1,0
2021-03-31 09:30:00,1684.85,1688.76,1684.75,1687.34,2085,0,0
2021-03-31 09:45:00,1687.35,1687.84,1686.14,1686.44,1812,0,0
2021-03-31 10:00:00,1686.43,1688.09,1685.12,1687.25,1920,0,0
2021-03-31 10:15:00,1687.25,1687.25,1685.89,1686.52,1520,1,0
2021-03-31 10:30:00,1686.48,1686.53,1684.34,1684.58,1394,2,0
2021-03-31 10:45:00,1684.59,1685.43,1683.77,1684.15,1401,0,0
2021-03-31 11:00:00,1684.13,1684.49,1682.62,1683.34,1714,0,0
2021-03-31 11:15:00,1683.34,1685.7,1683.18,1685.06,1459,0,0
2021-03-31 11:30:00,1685.03,1685.3,1683.57,1683.67,1527,0,0
2021-03-31 11:45:00,1683.67,1686.81,1682.63,1686.04,1520,2,0
2021-03-31 12:00:00,1686.0,1686.11,1684.75,1685.38,1238,1,0
2021-03-31 12:15:00,1685.38,1686.02,1684.82,1685.21,1158,0,0
2021-03-31 12:30:00,1685.21,1686.87,1685.09,1686.72,1108,0,0
2021-03-31 12:45:00,1686.72,1686.76,1685.68,1685.79,953,0,0
2021-03-31 13:00:00,1685.79,1686.8,1685.37,1686.44,1301,0,0
2021-03-31 13:15:00,1686.44,1687.19,1686.12,1687.18,1087,0,0
2021-03-31 13:30:00,1687.18,1689.11,1687.12,1688.64,1265,0,0
2021-03-31 13:45:00,1688.64,1688.74,1687.06,1687.11,1099,0,0
2021-03-31 14:00:00,1687.09,1688.71,1686.84,1688.67,1430,0,0
2021-03-31 14:15:00,1688.67,1688.67,1685.87,1686.64,1318,2,0
2021-03-31 14:30:00,1686.66,1687.11,1684.49,1685.06,1264,3,0
2021-03-31 14:45:00,1685.08,1686.27,1684.79,1684.82,1280,0,0
2021-03-31 15:00:00,1684.9,1686.84,1683.21,1684.52,1936,0,0
2021-03-31 15:15:00,1684.52,1687.13,1682.31,1684.63,2812,0,0
2021-03-31 15:30:00,1684.67,1689.54,1684.27,1688.94,2480,0,0
2021-03-31 15:45:00,1688.92,1689.17,1685.91,1687.44,2117,0,0
2021-03-31 16:00:00,1687.41,1688.54,1686.86,1687.16,2469,0,0
2021-03-31 16:15:00,1687.19,1688.54,1686.86,1687.47,2123,0,0
2021-03-31 16:30:00,1687.5,1691.99,1687.34,1690.35,2749,0,0
2021-03-31 16:45:00,1690.36,1697.95,1688.04,1697.25,3245,0,0
2021-03-31 17:00:00,1697.27,1697.93,1693.81,1697.77,2866,0,0
2021-03-31 17:15:00,1697.79,1699.27,1696.48,1696.88,2617,0,0
2021-03-31 17:30:00,1697.05,1699.42,1696.18,1698.5,2485,0,0
2021-03-31 17:45:00,1698.52,1706.15,1698.52,1703.97,2960,0,0
2021-03-31 18:00:00,1703.99,1705.42,1701.8,1704.73,2645,0,0
2021-03-31 18:15:00,1704.74,1705.04,1702.78,1704.38,2083,0,0
2021-03-31 18:30:00,1704.38,1704.74,1702.98,1704.68,1809,2,0
2021-03-31 18:45:00,1704.72,1708.65,1704.58,1708.12,2212,0,0
2021-03-31 19:00:00,1708.17,1709.98,1707.23,1709.08,1946,0,0
2021-03-31 19:15:00,1709.08,1710.61,1708.41,1708.59,1994,0,0
2021-03-31 19:30:00,1708.63,1711.13,1708.63,1710.75,1680,0,0
2021-03-31 19:45:00,1710.75,1712.4,1710.18,1711.93,1652,0,0
2021-03-31 20:00:00,1711.89,1715.16,1711.85,1713.64,1862,0,0
2021-03-31 20:15:00,1713.66,1715.26,1712.39,1714.27,2099,0,0
2021-03-31 20:30:00,1714.25,1714.66,1712.81,1713.0,1687,0,0
2021-03-31 20:45:00,1713.0,1713.13,1710.61,1710.82,1612,0,0
2021-03-31 21:00:00,1710.82,1711.02,1709.21,1709.22,1430,0,0
2021-03-31 21:15:00,1709.22,1711.01,1708.69,1711.01,1178,0,0
2021-03-31 21:30:00,1710.98,1711.13,1708.9,1709.56,1123,0,0
2021-03-31 21:45:00,1709.57,1709.95,1707.2,1707.88,1632,0,0
2021-03-31 22:00:00,1707.85,1709.35,1707.5,1708.32,1745,0,0
2021-03-31 22:15:00,1708.29,1709.21,1707.29,1707.29,1119,0,0
2021-03-31 22:30:00,1707.29,1708.14,1706.79,1707.97,916,0,0
2021-03-31 22:45:00,1707.97,1708.33,1706.46,1707.88,1327,1,0
2021-03-31 23:00:00,1707.86,1708.15,1705.91,1707.12,808,0,0
2021-03-31 23:15:00,1707.08,1707.72,1706.89,1707.39,295,0,0
2021-03-31 23:30:00,1707.39,1708.12,1707.15,1707.98,333,11,0
2021-03-31 23:45:00,1707.98,1708.36,1706.63,1707.42,666,0,0
